id,title,author,source,date,subjects
100,Brenda Lee — Only Fifteen but They Want Her for Hollywood,June Harris,Disc,28 May 1960,['brenda-lee']
101,"The Greenbriar Boys, Bob Dylan: Gerde's Folk City, New York NY",Robert Shelton,The New York Times,29 September 1961,"['bob-dylan', 'greenbriar-boys-the']"
102,Durable Formula for Grand Ole Opry,Robert Shelton,The New York Times,26 November 1961,"['earl-scruggs', 'hank-williams', 'uncle-dave-macon', 'jim-reeves', 'bill-anderson', 'lester-flatt', 'ernest-tubb']"
103,"Johnny Cash, Maybelle Carter, George Jones, Mac Wiseman, the Glaser Brothers: Carnegie Hall, New York NY",Robert Shelton,The New York Times,11 May 1962,"['johnny-cash', 'george-jones', 'mac-wiseman', 'tompall--the-glaser-brothers', 'maybelle-carter']"
104,John D. Loudermilk and Fred Foster: Nashville Men Take a Look at London,June Harris,Disc,9 June 1962,['john-d-loudermilk']
105,Mother Taught Ray Charles To Cope With Blindness,Alan Smith,New Musical Express,31 August 1962,['ray-charles']
106,Frank Ifield: U.S. Success Shakes Ifield,June Harris,Disc,22 September 1962,['frank-ifield']
107,Ifield's Hit Turns Bobby Vee To C And W!,June Harris,Disc,27 October 1962,"['crickets-the', 'frank-ifield', 'bobby-vee']"
108,Phil Everly: He Can't Spell But He Can Sing Like A Million Dollars,Maureen Cleave,"Sydney Morning Herald, the",11 November 1962,['everly-brothers-the']
109,Phil Everly says Thanks,Alan Smith,New Musical Express,16 November 1962,"['phil-everly', 'everly-brothers-the']"
110,Patsy Cline: Patsy Cashes In on the C and W Boom,June Harris,Disc,1 December 1962,['patsy-cline']
111,Patsy Cline Overcame Grave Car Crash Injuries,Alan Smith,New Musical Express,7 December 1962,['patsy-cline']
112,Colder In Nashville Than Even Here Says Tom Springfield,Peter Jones,Record Mirror,2 February 1963,['springfields-the']
113,Patsy Cline Killed In Air Crash,uncredited writer,New Musical Express,8 March 1963,['patsy-cline']
114,The Great Unknowns No. 2: Buddy Knox,Norman Jopling,Record Mirror,23 March 1963,['buddy-knox']
115,Hank Locklin on Newcomers' TV Show!,Alan Smith,New Musical Express,12 April 1963,['hank-locklin']
116,Alan Smith Conducts a Transatlantic Question-Time with Skeeter Davis,Alan Smith,New Musical Express,26 April 1963,['skeeter-davis']
117,"Dock Boggs, Mississippi John Hurt: Alumni Hall, New York University, New York NY",Robert Shelton,The New York Times,14 December 1963,"['mississippi-john-hurt', 'dock-boggs']"
118,"Jim Reeves: ""We just come through here once...""",Peter Jones,Record Mirror,15 August 1964,['jim-reeves']
119,"The Everly Brothers: Rock 'n' Soul (Warner Bros. WM 8171); Gone, Gone, Gone (Warner Bros. WM 8169)","Peter Jones, Norman Jopling",Record Mirror,1 May 1965,['everly-brothers-the']
200,Everlys Thrilled Over British Tour,Tracy Thomas,New Musical Express,9 July 1965,['everly-brothers-the']
201,Roger Miller: '65's Pop Surprise Man,uncredited writer,KRLA Beat,8 January 1966,['roger-miller']
202,Roger Miller & Little Jimmy Dickens: A Happy Thing Happened On Our Way To Hullabaloo,Jane Heil,Hit Parader,April 1966,"['bobby-bare', 'roger-miller', 'little-jimmy-dickens']"
203,"""Recording Sessions I Have Known"" by Charlie McCoy",Jim Delehant,Hit Parader,May 1966,"['bob-dylan', 'elvis-presley', 'foggy-mountain-boys', 'charlie-mccoy']"
204,Jim Reeves: Kimberley Jim (RCA Victor),Peter Jones,Record Mirror,14 May 1966,['jim-reeves']
205,Johnny Cash — The C&W Legend Also Beloved By Rockers,Richard Green,Record Mirror,21 May 1966,['johnny-cash']
206,Roger Miller: A Punny Man,Pete Johnson,Los Angeles Times,2 July 1966,['roger-miller']
207,Jim Reeves: Jim's First Number One,Alan Smith,New Musical Express,23 September 1966,['jim-reeves']
208,Mary Reeves Tells Alan Smith About Jim's Greatest Tribute,Alan Smith,New Musical Express,18 February 1967,['jim-reeves']
209,Sandy's a Single Girl who goes for R&B,Norman Jopling,Record Mirror,25 February 1967,['sandy-posey']
210,"Flatt & Scruggs, Hearts & Flowers: Troubadour, Los Angeles CA",Tracy Thomas,New Musical Express,26 February 1967,"['earl-scruggs', 'lester-flatt', 'hearts--flowers']"
211,"LP Reviews: Sam & Dave, James Brown, Chet Atkins, and the Mothers of Invention",uncredited writer,Beat Instrumental,April 1967,"['chet-atkins', 'james-brown', 'mothers-of-invention-the', 'sam--dave']"
212,"New Albums From The Doors, Roy Orbison, Sonny & Cher et al","Peter Jones, Norman Jopling",Record Mirror,22 April 1967,"['james-brown', 'petula-clark', 'doors-the', 'lonnie-mack', 'roy-orbison', 'sonny--cher', 'joe-tex', 'mckinley-soul-mitchell']"
213,Charley Pride — America's Coloured Cowboy,John Abbey,Record Mirror,5 August 1967,['charley-pride']
214,Bobbie Gentry Reveals Message Behind 'Ode',uncredited writer,KRLA Beat,26 August 1967,['bobbie-gentry']
215,Bobbie — On The Tallahatchee Bridge To Fame,Alan Walsh,Melody Maker,21 October 1967,['bobbie-gentry']
216,Linda Leading Stone Poneys To Gold Water,Tony Leigh,KRLA Beat,30 December 1967,['stone-poneys-the']
217,"Buck Owens: Carousel Ballroom, San Francisco CA",Philip Elwood,The San Francisco Examiner,11 March 1968,['buck-owens']
218,Sydney Nathan Dead,uncredited writer,Record World,16 March 1968,[]
219,"Albums from Blue Cheer, Bobbie Gentry and the Human Beinz",uncredited writer,KRLA Beat,23 March 1968,"['blue-cheer', 'bobbie-gentry', 'human-beinz-the']"
300,"The Byrds, Penny Nichols: Troubadour, Los Angeles CA",Pete Johnson,Los Angeles Times,27 April 1968,"['byrds-the', 'penny-nichols']"
301,"Before 'Honey' I Had Almost Given Up Hope, Says Bobby Goldsboro",Richard Green,New Musical Express,4 May 1968,['bobby-goldsboro']
302,'Dylan — He's The Best Songwriter Around Now...' said Johnny Cash,Norman Jopling,Record Mirror,11 May 1968,['johnny-cash']
303,"The Byrds: Middle Earth, London",Norman Jopling,Record Mirror,18 May 1968,"['byrds-the', 'gram-parsons']"
304,The Changing Face of the Byrds,uncredited writer,Melody Maker,25 May 1968,['byrds-the']
305,"Flatt & Scruggs: hungry i, San Francisco CA",Philip Elwood,The San Francisco Examiner,2 July 1968,"['earl-scruggs', 'lester-flatt']"
306,Merle Haggard: Home-fried Humor and Cowboy Soul,Al Aronowitz,Rolling Stone,10 August 1968,['merle-haggard']
307,"Country, Cabaret, and Rock — It's The New Look Jerry Lee Lewis",Alan Walsh,Melody Maker,17 August 1968,['jerry-lee-lewis']
308,"Country albums from the Byrds, Loretta Lynn, Kitty Wells et al",uncredited writer,Disc and Music Echo,12 October 1968,"['byrds-the', 'loretta-lynn', 'conway-twitty', 'bill-anderson', 'kitty-wells', 'jan-howard', 'jack-greene', 'ernest-tubb']"
309,Johnny Cash: Johnny Cash at Folsom Prison (CBS 63308),Geoffrey Cannon,The Guardian,12 November 1968,['johnny-cash']
310,Jeannie C. Riley: A Wild Jeannie,Alan Smith,New Musical Express,30 November 1968,['jeannie-c-riley']
311,'Harper Valley' Characters Come To Life via Jeannie C. Riley,Lon Goddard,Record Mirror,7 December 1968,['jeannie-c-riley']
312,Chet Atkins: The Day Elvis Split his Pink Britches,Alan Walsh,Melody Maker,8 March 1969,['chet-atkins']
313,"George Jones & Tammy Wynette: The Playroom, Atlanta; Waylon Jennings, Conway Twitty: City Auditorium, Atlanta",Gene Guerrero,The Great Speckled Bird,10 March 1969,"['merle-haggard', 'waylon-jennings', 'george-jones', 'conway-twitty', 'tammy-wynette']"
314,"Johnny Cash: ""Ain't Nothin' Too Weird For Me""",Michael Lydon,The New York Times,16 March 1969,"['carter-family-the', 'johnny-cash']"
315,Charley Pride: Country Pride,Gene Guerrero,The Great Speckled Bird,17 March 1969,['charley-pride']
317,Johnny Cash & Bob Dylan: Mind blowing duo,Richard Green,New Musical Express,29 March 1969,"['johnny-cash', 'leonard-cohen', 'bob-dylan', 'georgie-fame', 'simon--garfunkel']"
318,"The Byrds, Albert King: Rose Palace, Pasadena CA",John Mendelssohn,Los Angeles Times,20 May 1969,"['byrds-the', 'albert-king']"
319,Sun Records: Country Meets Rock,Guy Stevens,International Times,23 May 1969,"['johnny-cash', 'jerry-lee-lewis', 'carl-perkins', 'elvis-presley']"
401,Bobbie Gentry Explains The Trouser Suit Scene,David Griffiths,Record Mirror,5 July 1969,['bobbie-gentry']
402,The Everly Brothers: Roots (Warner Brothers-Reprise 1752),"Miller Francis Jr., Gene Guerrero",The Great Speckled Bird,7 July 1969,['everly-brothers-the']
403,Johnny Cash: At San Quentin (CBS mono and stereo 63629; 37s. 6d ),Richard Green,New Musical Express,August 1969,['johnny-cash']
404,"Linda Ronstadt: Bitter End, New York NY",Danny Goldberg,Billboard,9 August 1969,['linda-ronstadt']
405,"Conway Twitty: Darling, You Know I Wouldn't Lie (MCA mono and stereo MUP 386; 37s 6d.)",Richard Green,New Musical Express,23 August 1969,['conway-twitty']
406,Burritos and Byrds: A talk with Gram Parsons and Chris Hillman,uncredited writer,Helix,4 September 1969,"['byrds-the', 'flying-burrito-brothers']"
407,"Albert King, Poco, the Chambers Brothers: The Pavilion, Flushing Meadows, Queens NY",Danny Goldberg,Billboard,6 September 1969,"['chambers-brothers-the', 'albert-king', 'poco']"
408,Doors' Soft Parade leads US underground LP releases,uncredited writer,Record Mirror,13 September 1969,"['doors-the', 'fugs-the', 'groundhogs-the', 'lightnin-hopkins', 'gordon-lightfoot', 'loretta-lynn', 'gene-pitney', 'sir-douglas-quintet-the', 'stooges-the', 'elmer-gantrys-velvet-opera', 'juniors-eyes', 'floating-bridge', 'high-tide']"
409,"Doc Watson, Paul Geremia, David Bromberg: Gaslight Café, New York NY",Danny Goldberg,Billboard,27 September 1969,"['david-bromberg', 'doc-watson', 'paul-geremia']"
410,Jerry Lee Lewis: Sings The Country Music Hall Of Fame Hits Vol. 1 and 2 (Mercury),Richard Green,New Musical Express,11 October 1969,['jerry-lee-lewis']
411,John D. Loudermilk,Gene Guerrero,The Great Speckled Bird,20 October 1969,['john-d-loudermilk']
412,"The Byrds: Thelma's, Los Angeles CA",John Mendelssohn,Los Angeles Times,25 November 1969,['byrds-the']
413,Area Code 615: Now — Funky Country!,Richard Williams,Melody Maker,29 November 1969,['area-code-615']
414,Cody's Airmen On the Way Up,Philip Elwood,The San Francisco Examiner,15 December 1969,['commander-cody']
415,"Sons of Champlin, Country Joe & the Fish, Area Code 615: Fillmore West, San Francisco CA",Philip Elwood,The San Francisco Examiner,13 February 1970,"['area-code-615', 'country-joe--the-fish', 'sons-of-champlin-the']"
417,Visual Scene Important For Kenny Rogers: The First Edition,uncredited writer,Beat Instrumental,March 1970,['kenny-rogers']
418,"Hank Williams, Jr.: Live At Cobo Hall (MGM stereo MGM-CS- 8116; 37s. 5d.)",Richard Green,New Musical Express,14 March 1970,['hank-williams-jr']
419,Merle Haggard,Gene Guerrero,The Great Speckled Bird,16 March 1970,['merle-haggard']
500,"Merle Haggard: Municipal Auditorium, Atlanta",Gene Guerrero,The Great Speckled Bird,23 March 1970,['merle-haggard']
501,"Great Speckled Bird: Village Gate, New York NY",Mike Jahn,The New York Times,28 March 1970,['great-speckled-bird']
502,Buck Owens And His Buckaroos: Tall Dark Stranger (Capitol stereo E-ST 212; 39s 11d),Richard Green,New Musical Express,30 May 1970,['buck-owens']
503,"Arlo Guthrie, Linda Ronstadt: Civic Auditorium, San Francisco CA",Philip Elwood,The San Francisco Examiner,17 August 1970,"['arlo-guthrie', 'linda-ronstadt']"
504,Porter & Dolly,Gene Guerrero,The Great Speckled Bird,30 November 1970,"['dolly-parton', 'porter-wagoner']"
505,"Jerry Lee Lewis: Town Hall, Auckland NZ",Tom McWilliams,Playdate,December 1970,['jerry-lee-lewis']
506,"Bill Anderson, Conway Twitty, Bobby Bare, Tom T. Hall: Shower Of Stars, City Auditorium, Atlanta GA",Gene Guerrero,The Great Speckled Bird,15 March 1971,"['bobby-bare', 'tom-t-hall', 'conway-twitty', 'bill-anderson']"
507,Charlie Rich: A Time For Tears (Sun 1231),Metal Mike Saunders,The Rag,15 March 1971,['charlie-rich']
508,Lynn Anderson: Pssst! Don't tell the British that Lynn sings Country!,Richard Green,New Musical Express,20 March 1971,['lynn-anderson']
509,The Scruggs Bros.,Gene Guerrero,The Great Speckled Bird,29 March 1971,['scruggs-brothers-the']
510,Bobby Bare,Gene Guerrero,The Great Speckled Bird,5 April 1971,['bobby-bare']
511,"Grateful Dead, New Riders of the Purple Sage: Fillmore East, New York, NY",Vernon Gibbs,Columbia Daily Spectator,29 April 1971,"['grateful-dead', 'new-riders-of-the-purple-sage']"
512,Cash,Tom McWilliams,Playdate,May 1971,"['carter-family-the', 'johnny-cash', 'june-carter-cash', 'carl-perkins']"
513,Hank Williams and Honky Tonk,Martin Hawkins,Record Mirror,1 May 1971,['hank-williams']
514,Tom T. Hall,Gene Guerrero,The Great Speckled Bird,3 May 1971,['tom-t-hall']
515,Dolly Parton and Porter Wagoner: ...It's Awfully Hard To Just Let Them People Go By In The World And Not Say Something About It.,Gene Guerrero,The Great Speckled Bird,17 May 1971,"['dolly-parton', 'porter-wagoner']"
516,Dolly Parton and Porter Wagoner: Country Music Is Exactly That Way. It Tells Of Life The Way It Is.,Gene Guerrero,The Great Speckled Bird,24 May 1971,"['dolly-parton', 'porter-wagoner']"
517,Waylon Jennings: The Taker/Tulsa (RCA 4487),Nick Tosches,Fusion,28 May 1971,['waylon-jennings']
518,Waylon Jennings,Gene Guerrero,The Great Speckled Bird,21 June 1971,['waylon-jennings']
519,Loretta & Conway,Gene Guerrero,The Great Speckled Bird,28 June 1971,"['loretta-lynn', 'conway-twitty']"
600,Loretta Lynn: Everybody's Got a Soul and a Heart,Gene Guerrero,The Great Speckled Bird,12 July 1971,['loretta-lynn']
601,Karen Dalton: In My Own Time (Just Sunshine/Paramount),Danny Goldberg,Rolling Stone,22 July 1971,['karen-dalton']
602,Michael Nesmith,Gene Guerrero,The Great Speckled Bird,20 September 1971,"['monkees-the', 'michael-nesmith']"
603,"Johnny Cash, Carl Perkins, the Carter Family, the Statler Brothers: Queen Elizabeth Hall, London",Richard Green,New Musical Express,25 September 1971,"['carter-family-the', 'johnny-cash', 'carl-perkins', 'statler-brothers-the']"
604,Cash Conference,Richard Green,New Musical Express,25 September 1971,['johnny-cash']
605,"Charley Pride, Lynn Anderson: Oakland Coliseum, Oakland CA",Philip Elwood,The San Francisco Examiner,30 October 1971,"['lynn-anderson', 'charley-pride']"
606,Opry,Gene Guerrero,The Great Speckled Bird,1 November 1971,[]
607,"Commander Cody & His Lost Planet Airmen, Shanti: The Ash Grove, Los Angeles CA",Richard Cromelin,Los Angeles Times,12 November 1971,"['commander-cody', 'shanti']"
608,I Love The Byrds But...,Kim Fowley,Phonograph Record,January 1972,['byrds-the']
609,"Johnny Cash, Carter Family, Statler Brothers, Carl Perkins: Civic Center, Atlanta GA",Gene Guerrero,The Great Speckled Bird,14 February 1972,"['carter-family-the', 'johnny-cash', 'carl-perkins', 'statler-brothers-the']"
610,"Charley Pride, Tammy Wynette and George Jones: Municipal Auditorium, Atlanta GA",Gene Guerrero,The Great Speckled Bird,31 February 1972,"['george-jones', 'tammy-wynette', 'charley-pride']"
611,Kris Kristofferson and Rita Coolidge: Kris and the Delta lady,Rosalind Russell,Disc,13 May 1972,"['rita-coolidge', 'kris-kristofferson']"
612,The Everly Brothers: Roots,Gene Guerrero,The Great Speckled Bird,12 June 1972,['everly-brothers-the']
613,Charlie Rich: Rich and Mellow,Bill Millar,Record Mirror,12 August 1972,['charlie-rich']
614,"Seatrain, Redwing: The Whisky, Los Angeles, CA",Jeff Walker,Phonograph Record,September 1972,"['seatrain', 'redwing']"
615,Rocking Chair,Michael Lydon,Fusion,September 1972,"['lightnin-hopkins', 'hank-snow', 'lester-young', 'wilf-carter-montana-slim']"
616,"Johnny Cash, Carter Family, Statler Brothers, Carl Perkins: Royal Albert Hall, London",Andrew Means,Melody Maker,7 October 1972,"['carter-family-the', 'johnny-cash', 'carl-perkins', 'statler-brothers-the']"
617,Dorsey Burnette: Here and Now (Capitol 11094),Gene Sculatti,Fusion,November 1972,['dorsey-burnette']
618,Michael Nesmith: The Hits Just Keep On Comin' (RCA),Jonh Ingham,New Musical Express,13 January 1973,['michael-nesmith']
619,Johnny Paycheck: Somebody Loves Me (Epic),Roger St. Pierre,New Musical Express,27 January 1973,['johnny-paycheck']
700,Rowan Brothers: Rowan Brothers (CBS),Jonh Ingham,New Musical Express,27 January 1973,['rowan-brothers-the']
701,Charley Pride,Gene Guerrero,The Great Speckled Bird,1 February 1973,['charley-pride']
702,"Glen Campbell: Carnegie Hall, New York NY",Ian Dove,The New York Times,23 February 1973,['glen-campbell']
703,Shower of Stars: George Jones & Tammy Wynette,Gene Guerrero,The Great Speckled Bird,5 March 1973,"['george-jones', 'tammy-wynette']"
704,The Eagles: Takin' It Easy,Danny Holloway,New Musical Express,10 March 1973,['eagles-the']
705,Eagles Make It Easy,Jerry Gilbert,Sounds,10 March 1973,['eagles-the']
706,"Tammy Wynette and George Jones: Philharmonic Hall, New York NY",Ian Dove,The New York Times,27 March 1973,"['george-jones', 'tammy-wynette']"
707,Gram Parsons: GP (Reprise),Charlie Gillett,New Musical Express,31 March 1973,['gram-parsons']
708,Gram Parsons: Parsons Knows...,Loraine Alterman,Melody Maker,7 April 1973,"['emmylou-harris', 'gram-parsons']"
709,Joe South: A Look Inside (Capitol),John Swenson,The Village Voice,12 April 1973,['joe-south']
710,"Conway Twitty, Lorette Lynn, Nat Stuckey, Freddie Hart: San Jose Municipal Auditorium, San Jose CA",Philip Elwood,The San Francisco Examiner,20 April 1973,"['loretta-lynn', 'conway-twitty', 'freddie-hart', 'nat-stuckey']"
711,The Eagles: Desperado (Asylum),Paul Gambaccini,Rolling Stone,10 May 1973,['eagles-the']
712,Parsons the Country Preacher,Roy Carr,New Musical Express,12 May 1973,"['byrds-the', 'flying-burrito-brothers', 'international-submarine-band', 'gram-parsons']"
713,Jerry Lee Lewis Comes Back,Gene Guerrero,The Great Speckled Bird,21 May 1973,['jerry-lee-lewis']
714,Gram Parsons: Take Your Partners and Away You Go (One Step back Two Steps Forward),Phil Hardy,Let It Rock,July 1973,"['byrds-the', 'flying-burrito-brothers', 'gram-parsons']"
715,Joe Simon: Country Joe,Roger St. Pierre,New Musical Express,28 July 1973,['joe-simon']
716,"Commander Cody: The Early Sound Of ""Now"" Music",Lillian Roxon,New York Sunday News,29 July 1973,['commander-cody']
717,"Waylon Jennings: You Gotta Be A Man First, 'Fore You Can Be Anything...",Michael Watts,Melody Maker,11 August 1973,['waylon-jennings']
718,A Guide To Contemporary Country Groups,Mick Houghton,Let It Rock,September 1973,"['asleep-at-the-wheel', 'charlatans-the-us', 'commander-cody', 'country-gazette', 'dillard-and-clark', 'dillards-the', 'dan-hicks-and-his-hot-licks', 'new-riders-of-the-purple-sage']"
719,Rick Nelson: Has it Really Been 2 Years Since Garden Party?,Arthur Levy,Zoo World,11 October 1973,['rick-nelson']
800,The Nudie Look,Chris Charlesworth,Melody Maker,27 October 1973,[]
801,"Tanya Tucker: Delta Dawn, What's Your Mama's Name (Columbia)",Ken Barnes,Phonograph Record,November 1973,['tanya-tucker']
802,Conway Twitty & Loretta Lynn: Louisiana Woman – Mississippi Man; Merle Haggard: I Love Dixie Blues...,John Morthland,Creem,November 1973,"['merle-haggard', 'loretta-lynn', 'conway-twitty']"
803,Linda Ronstadt: Don't Cry Now (Asylum),Michael Watts,Melody Maker,10 November 1973,['linda-ronstadt']
804,Chet Atkins: Country Gent,Chris Charlesworth,Melody Maker,24 November 1973,['chet-atkins']
805,Tanya Tucker: Jail Bait on Parade,Gary Kenton,Creem,January 1974,['tanya-tucker']
806,Buck Owens Bringing Nashville North by Way of West Coast,Ian Dove,The New York Times,11 January 1974,['buck-owens']
807,"Charlie Rich, Tom T. Hall, Bill Monroe: Felt Forum, New York NY",Ian Dove,The New York Times,11 February 1974,"['tom-t-hall', 'bill-monroe', 'charlie-rich']"
808,"Gram Parsons: Grievous Angel (Warner Bros. MS 2171, Import)",Jerry Gilbert,Sounds,16 February 1974,"['emmylou-harris', 'gram-parsons']"
809,Gram Parsons: Grievous Angel (Reprise import),Chrissie Hynde,New Musical Express,23 February 1974,['gram-parsons']
810,"The Dillards: Bottom Line, New York NY",John Swenson,The Village Voice,7 March 1974,['dillards-the']
811,Charlie Rich: Behind Closed Doors (CBS KE32247),Jerry Gilbert,Sounds,16 March 1974,['charlie-rich']
812,"Rick Nelson & the Stone Canyon Band: Bottom Line, New York NY",Chris Charlesworth,Melody Maker,13 April 1974,['rick-nelson']
813,Tanya Tucker: Would You Lay With Me In A Field Of Stone? (Columbia KC 32744),Toby Mamis,Zoo World,25 April 1974,['tanya-tucker']
814,Tanya Tucker: Would You Lay with Me (In a Field of Stone) (Columbia KC 32744),Ken Barnes,Rolling Stone,25 April 1974,['tanya-tucker']
815,"Gram Parsons: Grievous Angel (Reprise MS 2171); Chip Taylor: Last Chance (Warner Bros, BS 2718)",Phil Hardy,Let It Rock,May 1974,"['gram-parsons', 'chip-taylor']"
816,Ross: Ross (RSO); Deke Leonard: Kamikaze (UA); Michael Nesmith: Pretty Much Your Standard Ranch Stash (RCA),Simon Frith,Let It Rock,May 1974,"['michael-nesmith', 'ross', 'deke-leonard']"
817,Waylon Jennings: Honky Tonk Heroes (RCA),Michael Watts,Melody Maker,4 May 1974,['waylon-jennings']
818,Charlie Rich: Rich at Heart,Chris Charlesworth,Melody Maker,11 May 1974,['charlie-rich']
819,"The Eagles: Capitol Theater, Passaic NJ",Ian Dove,The New York Times,14 May 1974,['eagles-the']
900,Chilli Willi & The Red Hot Peppers: Red Hot,Phil Hardy,Let It Rock,June 1974,['chilli-willi--the-red-hot-peppers']
901,Willie Nelson: The Emperor of Austin,Joe Nick Patoski,Zoo World,18 July 1974,['willie-nelson']
902,"Souther-Hillman-Furay Band, Danny O'Keefe: Civic Auditorium, Santa Monica CA",Richard Cromelin,Los Angeles Times,2 September 1974,"['souther-hillman-furay-band-the', 'danny-okeefe']"
903,Scott Walker: We Had It All,Fred Dellar,New Musical Express,21 September 1974,['scott-walker']
904,Dolly Parton: The — travails of dualism,Nick Tosches,The Village Voice,26 September 1974,['dolly-parton']
905,Chilli Willi & The Red Hot Peppers: Bongos Over Balham (Mooncrest Crest 21),Phil Hardy,Let It Rock,December 1974,['chilli-willi--the-red-hot-peppers']
906,Earl Scruggs Adds & Subtracts,Robert Duncan,Creem,December 1974,['earl-scruggs']
907,Billy Swan: Swan Song,Michael Watts,Melody Maker,7 December 1974,['billy-swan']
908,Loggins & Messina:  Mother Lode; Poco: Cantamos,Jerry Gilbert,ZigZag,January 1975,"['loggins--messina', 'poco']"
909,The Eagles,Barbara Charone,Hit Parader,January 1975,['eagles-the']
910,Billy Swan: I Can Help (Monument),Fred Dellar,New Musical Express,18 January 1975,['billy-swan']
911,Mac Davis's Ode to Rock & Roll,Paul Gambaccini,Rolling Stone,27 February 1975,['mac-davis']
912,Linda Ronstadt: Heart Like A Wheel (Asylum EST 11358); Emmylou Harris: Pieces Of The Sky (Reprise K 54037),Phil Hardy,Let It Rock,April 1975,"['emmylou-harris', 'linda-ronstadt']"
913,Glen Campbell: Rolling Easy,Harvey Kubernik,Melody Maker,5 April 1975,['glen-campbell']
914,"Dolly Parton, George Jones, Marty Robbins, Barbara Mandrell, Wanda Jackson et al: Country Music Festival, Wembley Arena, London","Colin Irwin, Rob Partridge",Melody Maker,5 April 1975,"['wanda-jackson', 'george-jones', 'dolly-parton', 'marty-robbins']"
915,Tammy Wynette: Truckers' Choice,Rob Partridge,Melody Maker,19 April 1975,['tammy-wynette']
916,Charlie Rich: The Man And His Career,Martin Hawkins,Country Music People,May 1975,['charlie-rich']
917,"Bill Monroe: Grand Ole Opry, Newmarket, Suffolk",Karl Dallas,Melody Maker,3 May 1975,['bill-monroe']
918,"Bill Monroe: Greyfriars Monastery, Glasgow",Dave Laing,Sounds,10 May 1975,['bill-monroe']
919,"Charlie Rich: Hilton Hotel, Las Vegas",Steven Rosen,Sounds,24 May 1975,['charlie-rich']
1000,"Waylon Jennings, Jessi Colter: Civic Auditorium, Santa Monica CA",Stephen K. Peeples,Cash Box,31 May 1975,"['waylon-jennings', 'jessi-colter']"
1001,"The Eagles, Dan Fogelberg: Academy of Music, New York NY",Toby Goldstein,Billboard,31 May 1975,"['eagles-the', 'dan-fogelberg']"
1002,The Eagles: California Dreamin’,Tom Nolan,Phonograph Record,June 1975,['eagles-the']
1003,Olivia Newton-John: Have You Never Been Mellow (EMI EMC 3069) (36.00),Geoff Barton,Sounds,7 June 1975,['olivia-newton-john']
1004,"Jerry Jeff Walker & the Lost Gonzo Band: Palomino, Los Angeles CA",Stephen K. Peeples,Cash Box,5 July 1975,['jerry-jeff-walker']
1005,Waylon Jennings: Ramblin' Man,Stephen K. Peeples,Cash Box,12 July 1975,['waylon-jennings']
1006,"Ronnie Milsap: Palomino Club, Los Angeles CA",Stephen K. Peeples,Cash Box,12 July 1975,['ronnie-milsap']
1007,Nelson Picnic Brings Different Musical Elements Together,Stephen K. Peeples,Cash Box,26 July 1975,"['david-allan-coe', 'rita-coolidge', 'willie-nelson']"
1008,Charlie Rich: Every Time You Touch Me (I Get High) (Epic PE 33455),Dave Marsh,Rolling Stone,31 July 1975,['charlie-rich']
1009,Willie Nelson: Red Headed Stranger (Columbia),Nick Tosches,Creem,August 1975,['willie-nelson']
1010,Nashville:  Original Motion Picture Soundtrack (MCA),John Morthland,Creem,September 1975,[]
1011,"George Jones, Wanda Jackson: Hammersmith Odeon, London",Rob Partridge,Melody Maker,27 September 1975,"['wanda-jackson', 'george-jones']"
1012,"Johnny Cash: Royal Festival Hall, London",Colin Irwin,Melody Maker,27 September 1975,"['carter-family-the', 'johnny-cash']"
1013,Eagles: The Earthpeople's Band,Steven Rosen,Sounds,27 September 1975,['eagles-the']
1014,Willie Nelson: Red Headed Stranger,Mick Houghton,Let It Rock,October 1975,['willie-nelson']
1015,Emmylou Harris: The Prairie and the Sky,Mick Houghton,Let It Rock,November 1975,['emmylou-harris']
1016,Tanya Tucker: Country Girl,Rob Partridge,Melody Maker,1 November 1975,['tanya-tucker']
1017,"Emmylou Harris: New Victoria, London",Penny Valentine,Street Life,29 November 1975,['emmylou-harris']
1018,The Ozark Mountain Daredevils: Kansas City Stars,Todd Everett,Phonograph Record,December 1975,['ozark-mountain-daredevils']
1019,Linda Ronstadt: 'Heat Wave' – The Long Hot Sessions,Todd Everett,Rolling Stone,18 December 1975,['linda-ronstadt']
1100,Emmylou Harris: Elite Hotel (Reprise MS2236),Todd Everett,Phonograph Record,January 1976,['emmylou-harris']
1101,"Buck Owens & the Buckaroos, Susan Raye: Royal Albert Hall, London",Jonh Ingham,Sounds,24 January 1976,"['buck-owens', 'susan-raye']"
1102,The Soulful Return Of Gene Clark,Mick Brown,Sounds,24 January 1976,['gene-clark']
1103,"Waylon Jennings, Willie Nelson, Jessi Colter, and Tompall Glaser: Wanted! The Outlaws (RCA)",Nick Tosches,The Village Voice,26 January 1976,"['waylon-jennings', 'willie-nelson', 'jessi-colter', 'tompall-glaser']"
1104,Gary Stewart: Honky-Tonk Puree,Nick Tosches,Penthouse,February 1976,['gary-stewart']
1105,Dolly Parton is to Linda Ronstadt and Emmylou Harris what Chuck Berry was to the Rolling Stones and the Who,Barbara Charone,Sounds,21 February 1976,['dolly-parton']
1106,The Eagles: Their Greatest Hits 1971-1975  (Asylum) ****,Barbara Charone,Sounds,28 February 1976,['eagles-the']
1107,"Dolly, Tammy and Carl: In The Wembley Wild West",Philip Norman,The Sunday Times,April 1976,['dolly-parton']
1108,The Outlaws: Lady In Waiting (Arista AL 4070),Ken Barnes,Phonograph Record,April 1976,['outlaws-the']
1109,The Outlaws: The Hottest New Guitar Band In The Country,Ken Barnes,Phonograph Record,April 1976,['outlaws-the']
1110,The Eagles: Sky's the Limit,David Hancock,Record Mirror,10 April 1976,['eagles-the']
1111,"Pure Prairie League, Jimmy Buffett: Bottom Line, New York NY",Toby Goldstein,Sounds,17 April 1976,"['jimmy-buffett', 'pure-prairie-league']"
1112,"Billy Swan, Willie Nelson: New Victoria Theatre, London",Mick Farren,New Musical Express,1 May 1976,"['willie-nelson', 'billy-swan']"
1113,"Willie Nelson, Billy Swan: New Victoria Theatre, London",Michael Watts,Melody Maker,1 May 1976,"['willie-nelson', 'billy-swan']"
1114,Parton's Creative Country,Mick Brown,Street Life,15 May 1976,['dolly-parton']
1115,Tanya Tucker: Country Baby,Stephen K. Peeples,Circus,June 1976,['tanya-tucker']
1116,C.W. McCall: Wilderness (Polydor),Richard Riegel,Creem,July 1976,['cw-mccall']
1117,Waylon Jennings' Are You Ready for the Country,Stephen K. Peeples,Picking Up the Tempo,7 July 1976,['waylon-jennings']
1118,"George Jones, August 1976, at Sunset Park, West Grove, PA",Peter Stone Brown,unpublished,August 1976,['george-jones']
1119,John Austin Paycheck Tries It Again,John Morthland,The Village Voice,9 August 1976,['johnny-paycheck']
1200,"Charlie Daniels' Rowdy, Southern, Swinging Music",Joe Nick Patoski,Rolling Stone,7 October 1976,['charlie-daniels']
1201,Willie Nelson: The Troublemaker (CBS) and Live (RCA),Rob Partridge,Melody Maker,13 November 1976,['willie-nelson']
1202,"Linda Ronstadt, Andrew Gold: Odeon, Birmingham",Colin Irwin,Melody Maker,13 November 1976,"['andrew-gold', 'linda-ronstadt']"
1203,Emmylou Harris: Luxury Liner (Warner Bros.),Roy Carr,New Musical Express,15 January 1977,['emmylou-harris']
1204,"Johnny Cash, The Carter Family: Felt Forum, New York NY",Chris Charlesworth,Melody Maker,15 January 1977,"['carter-family-the', 'johnny-cash']"
1205,Eagles Get The Bird,David Hancock,National RockStar,5 February 1977,['eagles-the']
1206,Chet Atkins and Les Paul: Chester And Lester (RCA),Mick Farren,New Musical Express,5 February 1977,"['chet-atkins', 'les-paul']"
1207,The Eagles: One Of These Nightmares,Barbara Charone,Crawdaddy!,April 1977,['eagles-the']
1208,"The Texas Playboys, Asleep at the Wheel: Panther Hall, Fort Worth, Texas",John Morthland,Rolling Stone,7 April 1977,"['asleep-at-the-wheel', 'bob-wills--his-texas-playboys']"
1209,The Unfulfilled Career of Linda Hargrove…,Martin Hawkins,Country Music Review,June 1977,['linda-hargrove']
1210,Crystal Gayle: She's more than a little sister,Philip Elwood,The San Francisco Examiner,17 September 1977,['crystal-gayle']
1211,Don Williams: Country Boy (ABC),Colin Irwin,Melody Maker,15 October 1977,['don-williams']
1212,"Kenny Rogers, Crystal Gayle: National Stadium, Dublin",Barry Cain,Record Mirror,12 November 1977,"['kenny-rogers', 'crystal-gayle']"
1213,Dolly Parton: Here You Come Again (RCA Victor); Porter Wagoner: Porter (RCA Victor),John Morthland,The Village Voice,14 November 1977,"['dolly-parton', 'porter-wagoner']"
1214,Townes Van Zandt,Richard Wootton,Omaha Rainbow,December 1977,['townes-van-zandt']
1215,"Linda Ronstadt, Female Vocalist of the Year",John Swenson,Circus,16 February 1978,['linda-ronstadt']
1216,Jerry Jeff Rides Again... Again,John Morthland,Country Music,March 1978,['jerry-jeff-walker']
1217,Emmylou Harris: Full House at the Elite Hotel,Fred Schruers,Circus,16 March 1978,['emmylou-harris']
1218,Willie Nelson and Waylon Jennings: Waylon & Willie (RCA),Mitchell Cohen,Creem,April 1978,"['waylon-jennings', 'willie-nelson']"
1219,Kris Kristofferson: Young Blue Eyes is Back,Colin Irwin,Melody Maker,8 April 1978,"['rita-coolidge', 'kris-kristofferson']"
1300,"Waylon Jennings, Jessi Colter, Asleep At The Wheel: Civic Center, Lansing MI",Bill Holdship,Michigan State News,12 July 1978,"['asleep-at-the-wheel', 'waylon-jennings', 'jessi-colter']"
1301,Hot times in the heart of Texxas,Joe Nick Patoski,Rolling Stone,24 August 1978,"['aerosmith', 'heart', 'waylon-jennings', 'mahogany-rush', 'willie-nelson', 'ted-nugent']"
1302,"Tammy Wynette: Hammersmith Odeon, London",Colin Irwin,Melody Maker,16 September 1978,['tammy-wynette']
1303,"Rick Nelson: High Sierra Theater at the Sahara, Lake Tahoe",Joel Selvin,San Francisco Chronicle,7 October 1978,['rick-nelson']
1304,"Interview: Carl Perkins, October 31, 1978 at the Bijou Café, Philadelphia, Pa.",Peter Stone Brown,unpublished,31 October 1978,['carl-perkins']
1305,Dolly Parton: Confessions of a Power Crazed Wig-Model,Colin Irwin,Melody Maker,11 November 1978,['dolly-parton']
1306,"Dolly Parton: Hammersmith Odeon, London",Mick Brown,The Guardian,21 November 1978,['dolly-parton']
1307,Butch Hancock,Richard Wootton,Omaha Rainbow,Spring 1978,"['flatlanders-the', 'butch-hancock']"
1309,"Linda Ronstadt: The Forum, Inglewood CA",Stephen K. Peeples,L.A. Weekly,4 January 1979,['linda-ronstadt']
1310,Tanya Tucker: TNT (MCA MCG 3530) ****½,Sandy Robertson,Sounds,17 February 1979,['tanya-tucker']
1311,Tanya Tucker: Yet Another Excuse To Print A Picture Of A Young Girl With A Guitar,Sandy Robertson,Sounds,17 March 1979,['tanya-tucker']
1312,Wembley Country Festival: The Metropolitan Soap Opera,Mary Harron,Melody Maker,28 April 1979,"['sleepy-labeef', 'tammy-wynette', 'dottsy', 'hank-locklin', 'freddie-hart']"
1313,"Loretta Lynn: We've Come A Long Way, Baby (MCA MCF 2881); Conway Twitty: Conway (MCA MCF 2878)",Simon Frith,Melody Maker,19 May 1979,"['loretta-lynn', 'conway-twitty']"
1314,"Gary Stewart: Gary (RCA); The Best of Don Williams, Volume II (MCA); Waylon Jennings: Greatest Hits (RCA)",Dave Marsh,Rolling Stone,26 July 1979,"['waylon-jennings', 'gary-stewart', 'don-williams']"
1315,Merle Haggard: Serving 190 Proof (MCA),John Morthland,Rolling Stone,6 September 1979,['merle-haggard']
1316,Don Williams: Silence Is Golden,Colin Irwin,Melody Maker,13 October 1979,['don-williams']
1317,George Jones: My Very Special Guests (Epic EPC 83163)***,Sandy Robertson,Sounds,8 December 1979,['george-jones']
1318,"The Eagles: Boston Garden, Boston",John Swenson,Rolling Stone,13 December 1979,['eagles-the']
1319,Guy Clark,Richard Wootton,Omaha Rainbow,Spring 1979,['guy-clark']
1400,"Jack Clement: ""Everybody Loves A Nut""",Martin Hawkins,Country Music People,January 1980,['jack-clement']
1401,George Jones: My Very Special Guests (Epic),Max Bell,New Musical Express,5 January 1980,['george-jones']
1402,Jerry Lee Lewis: Killer's Gospel,Mick Brown,The Guardian,16 February 1980,['jerry-lee-lewis']
1403,"Merle Haggard: The Country Club, Reseda CA",Mark Leviton,BAM,18 April 1980,['merle-haggard']
1404,"Various artists — Marlboro Country Festival: Wembley Arena, London",Fred Dellar,New Musical Express,19 April 1980,"['commander-cody', 'phil-everly', 'emmylou-harris', 'bellamy-brothers-the', 'joe-sun']"
1405,Emmylou Harris Buys Back the Farm,Steven X Rea,High Fidelity,August 1980,['emmylou-harris']
1406,Bobby Bare's Down and Dirty Country,John Morthland,Rolling Stone,7 August 1980,['bobby-bare']
1407,Rodney Crowell: A Songwriter Surfaces,Fred Schruers,Rolling Stone,21 August 1980,['rodney-crowell']
1408,Carlene Carter: Musical Shapes (Warner Bros.),Fred Schruers,Rolling Stone,13 November 1980,['carlene-carter']
1409,Carlene Carter,Jon Young,Trouser Press,January 1981,"['carlene-carter', 'nick-lowe']"
1410,"Crystal Gayle: Apollo, Victoria, London",Richard Williams,The Times,6 March 1981,['crystal-gayle']
1411,"Joe Ely: Bottom Line, New York NY",Fred Schruers,Musician,August 1981,['joe-ely']
1412,Joe Ely: You Can Take The Boy Out Of Texas...,Jon Young,Trouser Press,September 1981,['joe-ely']
1414,"Tom Petty & the Heartbreakers, Joe Ely: The Garden, Boston MA",Julie  Panebianco,Boston Rock,3 September 1981,"['joe-ely', 'tom-petty--the-heartbreakers']"
1415,"Country Boogie: Honky Tonks, Hoedowns And The Roots Of Rock",Martin Hawkins,The History of Rock,October 1981,[]
1416,Rodney Crowell: Country's New Laureate?,Todd Everett,L.A. Weekly,1 October 1981,"['rodney-crowell', 'emmylou-harris']"
1417,Carlene Carter: Blue Nun (F-Beat XXLP12).,Mark Cooper,Record Mirror,3 October 1981,['carlene-carter']
1418,Elvis Costello: Almost Blue (Columbia FC37562),Jon Young,Trouser Press,February 1982,['elvis-costello']
1419,"Willie Nelson: Hammersmith Odeon, London",Mick Brown,The Guardian,9 June 1982,['willie-nelson']
1500,Jerry Lee Lewis: A comeback story,Jim Sullivan,The Boston Globe,27 July 1982,['jerry-lee-lewis']
1501,Brenda Lee: Dynamite,Martin Hawkins,The History of Rock,September 1982,['brenda-lee']
1502,Rosanne Cash: Somewhere In The Stars (Columbia),Mitchell Cohen,Creem,October 1982,['rosanne-cash']
1503,"Rosanne Cash: Wax Museum, Baltimore MA",Geoffrey Himes,Baltimore Sun,22 October 1982,['rosanne-cash']
1504,"Charley Pride: Painters Mill Star Theatre, Owings Mills MD",Geoffrey Himes,Baltimore Sun,8 November 1982,['charley-pride']
1505,Marty Robbins: Country Dude of Nashville,Mary Harron,The Guardian,10 December 1982,['marty-robbins']
1506,"Rank And File/Del Fuegos: Inn-Square Bar, Boston",Jim Sullivan,The Boston Globe,15 December 1982,"['rank-and-file', 'del-fuegos-the']"
1507,"Rank And File: The Music Machine, Los Angeles CA",Mark Leviton,Music Connection,17 February 1983,['rank-and-file']
1508,"Willie Nelson: Capital Centre, Landover MA",Geoffrey Himes,Baltimore Sun,16 March 1983,['willie-nelson']
1509,"Dolly Parton: Ask a Dirty Question, and you Don't Get Any Answers",Mary Harron,The Guardian,29 March 1983,['dolly-parton']
1510,"Dolly Parton: Dominion Theatre, London",Mary Harron,The Guardian,29 March 1983,['dolly-parton']
1511,"Tammy Wynette: Wembley Conference Centre, London",Don Watson,New Musical Express,16 April 1983,"['matchbox', 'tammy-wynette']"
1512,"Waylon Jennings: Hammersmith Odeon, London",Barney Hoskyns,New Musical Express,29 October 1983,['waylon-jennings']
1513,Unsung Heroes of Rock 'n' Roll: Wanda Jackson — Unlaced By The Lord,Nick Tosches,Creem,February 1984,['wanda-jackson']
1514,"Pogues, Boothill Foot Tappers: Mean Fiddler, Harlesden",Colin Irwin,Melody Maker,4 August 1984,"['pogues-the', 'boothill-foot-tappers-the']"
1515,Neil Young,Jim Sullivan,The Boston Globe,6 September 1984,['neil-young']
1516,Dwight Yoakam: Local Yoakam,Bill Bentley,L.A. Weekly,22 November 1984,['dwight-yoakam']
1517,The Voice Squad,Barney Hoskyns,New Musical Express,12 January 1985,"['bobby-blue-bland', 'james-brown', 'burning-spear', 'drifters-the', 'al-green', 'billie-holiday', 'robert-johnson', 'george-jones', 'janis-joplin', 'joy-division', 'little-anthony-and-the-imperials', 'michael-mcdonald', 'van-morrison', 'aaron-neville', 'otis-redding', 'smokey-robinson', 'nina-simone', 'frank-sinatra', 'bettye-swann', 'ted-taylor', 'ov-wright', 'linda-jones', 'horace-andy', 'tyrone-davis']"
1518,Of Mums & Grammys: The Judds,Cynthia Rose,New Musical Express,20 April 1985,['judds-the']
1519,"Ricky Skaggs: Dominion Theatre, London",Mick Brown,The Guardian,20 May 1985,['ricky-skaggs']
1600,The Judds: That John Deere Factor,Cynthia Rose,Creem,July 1985,['judds-the']
1601,Jerry Lee Lewis: No Sinner Like An Old 'Un,Jim Sullivan,New Musical Express,14 September 1985,['jerry-lee-lewis']
1603,Rosanne Cash: No Cash Down,Laura Fissinger,Creem,February 1986,['rosanne-cash']
1604,The Judds: Rockin' with the Rhythm (RCA); Rosanne Cash: Rhythm and Romance (CBS); George Strait: Something Special (MCA),Max Bell,The Times,1 March 1986,"['rosanne-cash', 'judds-the', 'george-strait']"
1605,"Records by Prince, The Judds et al",Mary Harron,The Observer,16 March 1986,"['william-bell', 'judds-the', 'dolly-parton', 'prince', 'smokey-robinson', 'david-thomas', 'matt-bianco']"
1606,"Dwight Yoakam: the Roxy, Los Angeles CA",Richard Cromelin,Los Angeles Times,20 March 1986,['dwight-yoakam']
1607,"George Jones: Wembley Arena Country Festival, London",Sean O'Hagan,New Musical Express,12 April 1986,['george-jones']
1608,"The Johnny Cash Show: Country Festival, Wembley Arena, London",Fred Dellar,New Musical Express,12 April 1986,['johnny-cash']
1609,"Dwight Yoakam: Guitars, Cadillacs, Etc., Etc. (Reprise)",Jon Young,Musician,May 1986,['dwight-yoakam']
1610,Lost Highway,RJ Smith,High Fidelity,July 1986,"['eugene-chadbourne', 'bill-frisell', 'mekons-the', 'dwight-yoakam', 'george-strait', 'hasil-adkins']"
1611,Dwight Yoakam: The Dwight Stuff,Jon Wilde,Sounds,6 September 1986,['dwight-yoakam']
1612,Steve Earle: Guitar Town (MCA); George Strait: #7 (MCA),Barney Hoskyns,New Musical Express,13 September 1986,"['steve-earle', 'george-strait']"
1613,Randy Travis: Storms Of Life (Warner Bros.),Davitt Sigerson,Rolling Stone,25 September 1986,['randy-travis']
1614,Alive and Kickin',Rob Tannenbaum,Rolling Stone,18 December 1986,"['rodney-crowell', 'steve-earle', 'emmylou-harris', 'judds-the', 'lyle-lovett', 'ricky-skaggs', 'randy-travis', 'dwight-yoakam', 'george-strait', 'john-anderson', 'patty-loveless', 'reba-mcentire']"
1615,"The Judds: Palladium, London",Adam Sweeting,The Guardian,3 February 1987,['judds-the']
1616,"The Judds: Palladium, London",Hugh Fielder,Sounds,14 February 1987,['judds-the']
1617,"Lone Justice: The Palace, Hollywood CA",Dave DiMartino,Billboard,28 February 1987,['lone-justice']
1618,New Country: Banjoing the Roy Rogers Image,Adam Sweeting,The Guardian,27 March 1987,"['nanci-griffith', 'lyle-lovett', 'ricky-skaggs', 'randy-travis']"
1619,The Judds: Family Ties,Laura Fissinger,Rolling Stone,2 July 1987,['judds-the']
1700,The Judds: Harmonious Relations,Robin Katz,Over 21,21 August 1987,['judds-the']
1701,T. Graham Brown: Like It Used To Be,Jon Savage,The Observer,30 August 1987,['t-graham-brown']
1702,Johnny Cash: Peterborough Country Music Festival,Bob Stanley,New Musical Express,12 September 1987,['johnny-cash']
1703,The Long Ryders: Bye Bye Byrdie,Jeff Tamarkin,Creem,October 1987,['long-ryders-the']
1704,"George Jones, Ricky Van Shelton, Rosie Flores: Greek Theatre, Los Angeles CA",Don Waller,Los Angeles Times,2 November 1987,"['george-jones', 'rosie-flores', 'ricky-van-shelton']"
1705,The Proclaimers: Right-on in Auchtermuchty,Adam Sweeting,The Guardian,13 November 1987,['proclaimers-the']
1706,Reba McEntire: The Last One To Know (MCA),Rob Tannenbaum,Rolling Stone,3 December 1987,['reba-mcentire']
1707,Rosie Flores: Rosie Flores (Reprise),Laura Fissinger,Rolling Stone,3 December 1987,['rosie-vela']
1708,Steve Earle: Sweet success for one of country's new voices,Jim Sullivan,The Boston Globe,17 December 1987,['steve-earle']
1709,The New Nashville,Laura Fissinger,New York Daily News,20 December 1987,"['steve-earle', 'randy-travis', 'will-rambeaux']"
1710,Lyle Lovett: Lovett and Leave It,Adam Sweeting,The Guardian,4 March 1988,['lyle-lovett']
1711,"Nanci Griffith: The Acoustic Room, The Mean Fiddler, Harlesden",Ken Hunt,Folk Roots,April 1988,['nanci-griffith']
1712,Terry Allen: Lubbock (On Everything) (Special Delivery SPT 1007/8),Ken Hunt,Folk Roots,April 1988,['terry-allen']
1713,Lyle Lovett: Pontiac (MCA),Holly Gleason,Musician,April 1988,['lyle-lovett']
1714,Nanci Griffith: Country Rose of Texas,Adam Sweeting,The Guardian,29 April 1988,['nanci-griffith']
1715,"Willie Nelson: Merriweather Post Pavilion, Baltimore MD",Geoffrey Himes,"Evening Sun (Baltimore), The ",27 May 1988,['willie-nelson']
1716,Merle Haggard: Chill Factor (Epic),Amy Linden,Spin,June 1988,['merle-haggard']
1717,k.d. lang: Shadowland (Sire WX17LP/Cass/CD),Mark Cooper,Q,June 1988,['kd-lang']
1718,Johnny Cash: A Little Farther... Down The Line,J. Kordosh,Creem,June 1988,['johnny-cash']
1719,Producer Pete Anderson Leads Calif.'s Gold Rush,Holly Gleason,Billboard,16 July 1988,"['michelle-shocked', 'dwight-yoakam', 'rosie-flores', 'george-highfill']"
1800,Dwight Yoakam: Buenas Noches From A Lonely Room (Reprise 925 749-1/CD) ****½,Paul Elliott,Sounds,6 August 1988,['dwight-yoakam']
1801,Merle Haggard: Long Gone Train,Holly Gleason,Spin,September 1988,['merle-haggard']
1802,Drawling — Dwight Yoakam: Buenas Noches From A Lonely Room (Reprise WX 193 LP/Cass/CD),David Sinclair,Q,September 1988,['dwight-yoakam']
1803,Hank Williams Jr: Wild Streak (WEA 925 725-1/CD)***,Ralph Traitor,Sounds,1 October 1988,['hank-williams-jr']
1804,K.T. Oslin: This Woman (RCA LP/Cassette/CD),Michele Kirsch,New Musical Express,17 December 1988,['kt-oslin']
1805,Steve Earle: Copperhead Road (Uni) *** ½,Rob Tannenbaum,Rolling Stone,26 January 1989,['steve-earle']
1806,Lyle Lovett: Lyle Lovett and His Large Band (MCA/Curb) ****,Holly Gleason,Rolling Stone,9 February 1989,['lyle-lovett']
1807,The Judds: Kentucky dreamers,Adam Sweeting,The Guardian,10 February 1989,['judds-the']
1808,Cowboy troubadour: Ian Tyson is riding high again,Nicholas Jennings,Maclean's,13 February 1989,['ian-tyson']
1809,"The Judds: Dominion, London",Michele Kirsch,New Musical Express,18 February 1989,['judds-the']
1810,Guy Clark: Old Friends (Sugar Hill) ***½,Holly Gleason,Rolling Stone,9 March 1989,['guy-clark']
1811,Buck Owens: Myths of the honky-tonker,David Toop,The Times,25 March 1989,['buck-owens']
1812,"Cowboy Junkies: Royal Festival Hall, London",Adam Sweeting,The Guardian,27 March 1989,['cowboy-junkies']
1813,"Lucinda Williams: Mean Fiddler, London",Mark Cooper,The Guardian,5 May 1989,['lucinda-williams']
1814,Johnny Cash: Southern Comfort,Adam Sweeting,The Guardian,12 May 1989,['johnny-cash']
1815,Lucinda Williams: Walking The Line,Sean O'Hagan,New Musical Express,20 May 1989,['lucinda-williams']
1816,Dolly Parton: White Limozeen (CBS),Caroline Sullivan,Melody Maker,29 July 1989,['dolly-parton']
1817,"Randy Travis, K.T. Oslin: Universal Amphitheatre, Los Angeles CA",Richard Cromelin,Los Angeles Times,10 August 1989,"['randy-travis', 'kt-oslin']"
1818,"George Jones, Loretta Lynn: Merriweather Post Pavilion, Baltimore MA",Geoffrey Himes,"Evening Sun (Baltimore), The ",14 August 1989,"['george-jones', 'loretta-lynn']"
1819,Clint Black: Killin' Time (MCA) ***½,Holly Gleason,Rolling Stone,24 August 1989,['clint-black']
1900,The Flatlanders: More a Legend Than a Band,Colin Escott,Rhino Records,1990,['flatlanders-the']
1901,Butch Hancock: Own & Own (Demon LP/Cassette/CD),Michele Kirsch,New Musical Express,6 January 1990,['butch-hancock']
1902,"k.d. lang: Painters Mill Music Fair, Owings Mills MD",Geoffrey Himes,"Evening Sun (Baltimore), The ",15 February 1990,['kd-lang']
1903,"Willie Nelson, Mary Chapin Carpenter, Kimmie Rhodes, Katy Moffatt: Wembley Arena, London",Adam Sweeting,The Guardian,18 April 1990,"['mary-chapin-carpenter', 'willie-nelson', 'katy-moffatt', 'kimmie-rhodes']"
1904,Kris Kristofferson Meets The Cowboy Junkies: Country Music On The Morning After,Fred Schruers,Musician,June 1990,"['cowboy-junkies', 'kris-kristofferson']"
1905,Travis Tritt: Hillbilly Rock,Holly Gleason,Hits,9 July 1990,['travis-tritt']
1906,"Steve Earle & The Dukes: Town And Country Club, London",Paul Elliott,Sounds,22 September 1990,['steve-earle']
1907,"Steve Earle: Town And Country Club, London ****",Howard Johnson,Kerrang!,29 September 1990,['steve-earle']
1908,Steve Earle Does It the Hard Way,Mark Rowland,Musician,October 1990,['steve-earle']
1909,Randy Travis: Heroes & Friends (Warner Bros 75992631),Mat Snow,Q,November 1990,['randy-travis']
1910,The Judds: Love Can Build A Bridge (BMG 90531),Phil Sutcliffe,Q,November 1990,['judds-the']
1911,Rosanne Cash: Interiors (Columbia),Amy Linden,Spin,January 1991,['rosanne-cash']
1912,Joe Ely: Ely Rider,Gavin Martin,Vox,February 1991,['joe-ely']
1913,Johnny Cash: Pills'n'Thrills And Bellyaches,Mark Cooper,Q,June 1991,['johnny-cash']
1914,Kentucky Headhunters: Hard-Rock Hoedown,John Swenson,Rolling Stone,19 September 1991,['kentucky-headhunters']
1915,Garth Brooks: Ropin' the Wind (Capitol CDESTU 2162),David Sinclair,The Times,5 February 1992,['garth-brooks']
1916,k.d. lang: Ingénue (WEA 26840),Max Bell,Vox,April 1992,['kd-lang']
1917,Country's New Gold Rush,Rob Tannenbaum,Rolling Stone,16 April 1992,['garth-brooks']
1918,Building Better Bridges: Charlie Rich in jazz country,Alan di Perna,Musician,May 1992,['charlie-rich']
1919,"Lyle Lovett: Roxy, Los Angeles CA",Richard Cromelin,Los Angeles Times,14 May 1992,['lyle-lovett']
2000,Modern Lovers: The Rockingbirds, Push,Melody Maker,30 May 1992,['rockingbirds-the']
2001,"Lyle Lovett & his Large Band: Hammersmith Odeon, London",David Sinclair,The Times,16 June 1992,['lyle-lovett']
2002,Billy Ray Cyrus: The Man Who Would Be King of Country,Rob Tannenbaum,Rolling Stone,6 August 1992,['billy-ray-cyrus']
2003,Jerry Donahue: Taking Tele 'Round The Bend,Alan di Perna,Musician,September 1992,['jerry-donahue']
2004,"Clint Black: Gone Hollywood? ""I Don't Worry About It""",Richard Cromelin,Los Angeles Times,17 September 1992,['clint-black']
2005,"Trisha Yearwood: Crazy Horse, Santa Ana CA",Richard Cromelin,Los Angeles Times,14 October 1992,['trisha-yearwood']
2006,"Lyle Lovett and his Large Band: The Orpheum Theater, Boston MA",Jim Sullivan,The Boston Globe,19 October 1992,['lyle-lovett']
2007,"Reba McEntire: Inglewood Forum, Inglewood CA",Richard Cromelin,Los Angeles Times,7 December 1992,['reba-mcentire']
2008,Bobby Bare: Detroit City and Other Hits/500 Miles Away from Home (RCA),Colin Escott,RCA Records,1993,['bobby-bare']
2009,k.d. lang: k.d. Sings The Blues,Mat Snow,Q,April 1993,['kd-lang']
2010,Garth Brooks: Ropin' The Wind,Anthony DeCurtis,Rolling Stone,1 April 1993,['garth-brooks']
2011,Dwight Yoakam: This Time (Reprise),Richard C. Walls,Musician,June 1993,['dwight-yoakam']
2012,"Willie Nelson: Cheer Up, It Might Never Happen",Mark Cooper,Q,July 1993,['willie-nelson']
2013,Billy Ray Cyrus: It Won't Be the Last (PolyGram),John Swenson,Rolling Stone,16 September 1993,['billy-ray-cyrus']
2014,Junior Brown: Outta Nowhere,John Morthland,L.A. Weekly,16 September 1993,['junior-brown']
2015,Garth Brooks: In Pieces (Liberty 80857; CD and cassette),Holly Gleason,The New York Times,26 September 1993,['garth-brooks']
2016,Billy Joe Shaver: Tramp on Your Street (Zoo/Praxis 72445-11063; CD and cassette),Holly Gleason,The New York Times,3 October 1993,['billy-joe-shaver']
2017,"Sister Sledge: Forum, London; Tammy Wynette: Palladium, London",Caroline Sullivan,The Guardian,30 November 1993,"['sister-sledge', 'tammy-wynette']"
2018,k.d. lang: Even Cowgirls Get The Blues (WEA 9362 454 332),Sid Griffin,Q,December 1993,['kd-lang']
2019,Garth Brooks,Robin Eggar,The Sunday Times,23 January 1994,['garth-brooks']
2100,Jimmie Dale Gilmore: Space Cowboy,Pat Blashill,Details,February 1994,['jimmie-dale-gilmore']
2101,"Alison Krauss: Once a ""Fiddlin' Teen"", She's Now in Demand",Tony Scherman,The New York Times,24 April 1994,['alison-krauss']
2102,"Townes Van Zandt: Union Chapel, London",Paul Sexton,The Times,26 April 1994,['townes-van-zandt']
2103,Travis Tritt: Ten Feet Tall and Bulletproof (Warner Bros. Nashville),Eric Weisbard,Spin,June 1994,['travis-tritt']
2104,George Jones: High-Tech Redneck (MCA MCAD 10910),Fred Dellar,Vox,June 1994,['george-jones']
2105,Shania Twain: Shania Twain (Phonogram 514 422-2) 8,Michele Kirsch,Vox,June 1994,['shania-twain']
2106,Kathy Mattea: Walking Away A Winner (Phonogram),Michele Kirsch,Vox,June 1994,['kathy-mattea']
2107,Reba McEntire: Read My Mind (MCA 10994; CD and cassette),Holly Gleason,The New York Times,12 June 1994,['reba-mcentire']
2108,"Johnny Cash: Shepherd's Bush Empire, London",Caroline Sullivan,The Guardian,4 July 1994,['johnny-cash']
2109,"Dan Penn, Allen Toussaint, Guy Clark, Joe South, Vic Chesnutt: Southern Songwriters' Circle, Queen Elizabeth Hall, London",Paul Sexton,The Times,27 July 1994,"['vic-chesnutt', 'guy-clark', 'dan-penn', 'joe-south', 'allen-toussaint']"
2110,Lyle Lovett: The World's Greatest Lover,Mal Peachey,Country Music International,September 1994,['lyle-lovett']
2111,Cool Cash — The Man in Black's Latest Risk Pays Off,Joel Selvin,San Francisco Chronicle,25 September 1994,['johnny-cash']
2112,Vince Gill: Dedicated to Just Plain Foik,Richard Cromelin,Los Angeles Times,25 September 1994,['vince-gill']
2113,Mary Chapin Carpenter: Stones in the Road (Columbia),Eric Weisbard,Spin,December 1994,['mary-chapin-carpenter']
2114,"Junior Brown: The Mercury Lounge, New York NY",John Swenson,Rolling Stone,1 December 1994,['junior-brown']
2115,Willie Nelson: The Buddha of Texas,Barney Hoskyns,MOJO,January 1995,['willie-nelson']
2116,"Q&A with Travis Tritt: ""I've Put a Lot Into This""",Richard Cromelin,Los Angeles Times,2 February 1995,['travis-tritt']
2117,Trisha Yearwood: Thinkin' About You (MCA),Richard Cromelin,Los Angeles Times,12 February 1995,['trisha-yearwood']
2118,Alison Krauss: A Hit From One of Country's Kinfolk,Richard Cromelin,Los Angeles Times,25 March 1995,['alison-krauss']
2119,Linda Ronstadt: Feels Like Home (Elektra; CD and cassette),Holly Gleason,The New York Times,9 April 1995,['linda-ronstadt']
2200,Pop Quiz: Q & A with Merle Haggard,Joel Selvin,San Francisco Chronicle,9 April 1995,['merle-haggard']
2201,Jerry Lee Lewis: Young Blood (Sire) ***½,Ted Drozdowski,Rolling Stone,13 July 1995,['jerry-lee-lewis']
2202,Shania Twain: Country Princess,Nicholas Jennings,Maclean's,28 August 1995,['shania-twain']
2203,"Trisha Yearwood, Collin Raye: Universal Amphitheatre, Los Angeles CA",Richard Cromelin,Los Angeles Times,28 August 1995,"['trisha-yearwood', 'collin-raye']"
2204,"Charlie Rich, 1932-1995",Charlie Gillett,MOJO,September 1995,['charlie-rich']
2205,Frontman: Merle Haggard,Mark Rowland,Musician,September 1995,['merle-haggard']
2206,Get set for good old Country Music: Willie Nelson's End of Summer Picnic,Lon Goddard,Daily Astorian,7 September 1995,['willie-nelson']
2207,Emmylou Harris: Wrecking Ball (Elektra/Asylum) ***,Richard Cromelin,Los Angeles Times,24 September 1995,['emmylou-harris']
2208,No more ingenue: The Constant Craving of k.d. lang,Jim Sullivan,The Boston Globe,8 October 1995,['kd-lang']
2209,The Live Wire: Billy Joe Shaver at McCabe's,Bill Wasserzieher,L.A. View,27 October 1995,['billy-joe-shaver']
2210,Robert Earl Keen: Gringo Honeymoon (Sugar Hill),Richard Gehr,Spin,November 1995,['robert-earl-keen']
2211,Patty Loveless: Trouble With the Truth (Epic/Nashville),Richard Cromelin,Los Angeles Times,20 January 1996,['patty-loveless']
2212,Garth Brooks: Fresh Horses (Capitol),Eric Weisbard,Spin,February 1996,['garth-brooks']
2213,"Steve Earle & the Dukes: Paradise, Boston",Jim Sullivan,The Boston Globe,21 March 1996,['steve-earle']
2214,New habit for Earle of excess,David Sinclair,The Times,5 April 1996,['steve-earle']
2215,Emmylou Harris: Singing With a Voice That's Always True to Her Heart,Richard Cromelin,Los Angeles Times,11 April 1996,['emmylou-harris']
2216,Steve Earle: Back in the Saddle,Geoffrey Himes,Rolling Stone,18 April 1996,['steve-earle']
2217,"k.d. lang: Academy, Birmingham",Caroline Sullivan,The Guardian,24 April 1996,['kd-lang']
2218,Merle Haggard: Down Every Road (Capitol) ****,Mark Kemp,Rolling Stone,2 May 1996,['merle-haggard']
2219,"k.d. lang: Wembley Arena, London",Paul Sexton,The Times,11 May 1996,['kd-lang']
2300,"Merle Haggard: Tramps, New York NY",Amy Linden,New York Daily News,13 May 1996,['merle-haggard']
2301,Vince Gill: High Lonesome Sound (MCA),Richard Cromelin,Los Angeles Times,25 May 1996,['vince-gill']
2302,"The Eagles: McAlpine Stadium, Huddersfield",Dave Simpson,The Guardian,15 July 1996,['eagles-the']
2303,"BR5-49: LunaPark, Los Angeles CA",Richard Cromelin,Los Angeles Times,19 September 1996,['br5-49']
2304,How We Met: Emmylou Harris and Phil Kaufman,Lucy O'Brien,The Independent,5 October 1996,"['emmylou-harris', 'gram-parsons']"
2305,How I Wrote All Those Songs by Harlan Howard,Mark Rowland,Musician,November 1996,['harlan-howard']
2306,Glen Campbell: The Glen Campbell Collection (1962-1989),Colin Escott,Razor & Tie Records,1997,['glen-campbell']
2307,Frontwoman: Iris DeMent,Mark Rowland,Musician,January 1997,['iris-dement']
2308,Hooked on Twang: A New Generation Goes Honky-Tonkin',Holly George-Warren,Rolling Stone,17 April 1997,"['wayne-hancock', 'br5-49', 'dale-watson', 'junior-brown', 'derailers-the']"
2309,"Jerry Lee Lewis: Hot Tin Roof, Martha's Vineyard",Jim Sullivan,The Boston Globe,26 May 1997,['jerry-lee-lewis']
2310,Gillian Welch: As Real And As Raw As It Gets,Mark Cooper,The Independent,7 June 1997,['gillian-welch']
2311,A Movie For David Geffen,Al Aronowitz,The Blacklisted Journalist,1 July 1997,"['bob-neuwirth', 'thomas-jefferson-kaye']"
2312,"Nanci Griffith, the Crickets: Wiltern Theatre, Los Angeles CA",Marc Weingarten,Los Angeles Times,10 November 1997,"['crickets-the', 'nanci-griffith']"
2313,Garth Brooks: Sevens (Capitol) ***,Richard Cromelin,Los Angeles Times,23 November 1997,['garth-brooks']
2314,John Denver 1943-1997,Mark Kemp,Rolling Stone,27 November 1997,['john-denver']
2315,Steve Earle: El Corazon (E-Squared/Warner Bros.),Mark Rowland,Musician,December 1997,['steve-earle']
2316,"Lucinda Williams: The Fillmore, San Francisco CA",Will Hermes,Rolling Stone,11 December 1997,['lucinda-williams']
2317,Shania Twain: Come On Over ***,Chuck Eddy,Rolling Stone,11 December 1997,['shania-twain']
2318,"Dwight Yoakam: Billboard Live, Los Angeles CA",Marc Weingarten,Los Angeles Times,23 December 1997,['dwight-yoakam']
2319,An Everly Brother In Winter: Walkin' Right Back with Don Everly,Colin Escott,'Tattoed on their Tongues' (Schirmer),1998,"['don-everly', 'everly-brothers-the']"
2400,Interview: Willie Nelson,Sean O'Hagan,The Observer,31 May 1998,['willie-nelson']
2401,Tammy Wynette: First Lady Of Country,Fred Dellar,MOJO,June 1998,['tammy-wynette']
2402,Shania Twain,David Quantick,Q,July 1998,['shania-twain']
2403,Lucinda Williams: Lost in America,RJ Smith,Spin,July 1998,['lucinda-williams']
2404,Gram Parsons: The Good Ol’ Boy,Barney Hoskyns,MOJO,July 1998,['gram-parsons']
2405,Gillian Welch: Raising Cain,RJ Smith,The Village Voice,11 August 1998,['gillian-welch']
2406,Lucinda Williams: Car Wheels On A Gravel Road (Mercury 558 318-2),Johnny Black,Q,September 1998,['lucinda-williams']
2407,Back to Clinch Mountain: Ralph Stanley,Geoffrey Himes,Country Music,September 1998,['ralph-stanley']
2408,Gram Parsons: Another Country,Sean O'Hagan,The Guardian,12 September 1998,"['byrds-the', 'flying-burrito-brothers', 'international-submarine-band', 'gram-parsons']"
2409,"The Dixie Chicks: Roxy, Los Angeles CA",Marc Weingarten,Los Angeles Times,8 October 1998,['dixie-chicks-the']
2410,"""Alternative country is what punks play when they grow up...""",Tom Cox,The Guardian,16 October 1998,"['calexico', 'jayhawks-the', 'lambchop', 'gram-parsons', 'jim-white', 'neal-casal', 'golden-smog', 'hazeldine']"
2411,Lucinda Williams: Small town fireworks,Tom Cox,The Guardian,27 November 1998,['lucinda-williams']
2412,The Lone Star Spirit of Willie Nelson,Chris Smith,Performing Songwriter,December 1998,['willie-nelson']
2413,Hank Williams III: Grandpa Was A Honky-Tonker,Michael Azerrad,Rolling Stone,10 December 1998,['hank-williams-iii']
2414,Wynonna Judd: A Winding Country Road,Marc Weingarten,Los Angeles Times,4 March 1999,['wynonna-judd']
2415,Roger McGuinn Interview,Stephen K. Peeples,unpublished,2 April 1999,"['byrds-the', 'roger-mcguinn']"
2416,Kelly Willis: Well Traveled but Hopeful,Marc Weingarten,Los Angeles Times,4 April 1999,['kelly-willis']
2417,Just Walk Away: Kelly Willis' What I Deserve,RJ Smith,The Village Voice,13 April 1999,['kelly-willis']
2418,"Steve Earle And The Del McCoury Band:  Royal Festival Hall, London",Adam Sweeting,The Guardian,25 May 1999,"['steve-earle', 'del-mccoury-band-the']"
2419,The Long Way Around: Gram Parsons,Holly George-Warren,No Depression,July 1999,['gram-parsons']
2500,Dixie Chicks,Dorian Lynskey,Q,July 1999,['dixie-chicks-the']
2501,Townes Van Zandt: A Far Cry From Dead,Chris Smith,Performing Songwriter,15 July 1999,['townes-van-zandt']
2502,Dixie Chicks: Fly; Shedaisy: The Whole Shebang,Eric Weisbard,The Village Voice,15 September 1999,"['dixie-chicks-the', 'shedaisy']"
2503,Shelby Lynne: I Am Shelby Lynne (Mercury),Tom Cox,The Guardian,24 September 1999,['shelby-lynne']
2504,"Shelby Lynne: Embassy Rooms, London ****",Lucy O'Brien,The Guardian,27 October 1999,['shelby-lynne']
2505,Sally Timms: Cowboy Sally’s Twilight Laments ... for Lost Buckaroos,Eric Weisbard,The Village Voice,17 November 1999,['sally-timms']
2506,Dolly Parton,j. poet,Stereotype,2000,['dolly-parton']
2507,Glen Campbell,David Bennun,The Guardian,2000,['glen-campbell']
2508,Fiddling While the Old Barriers Burn,Tony Scherman,The New York Times,2 April 2000,['mark-oconnor']
2509,"Before Bluegrass, Bill Monroe Was Already a Star",Tony Scherman,The New York Times,July 2000,['bill-monroe']
2510,Allison Moorer: A simple tale of country folk,Nick Coleman,The Independent,21 July 2000,['allison-moorer']
2511,Johnny Cash: Love/God/Murder,Sylvie Simmons,MOJO,August 2000,['johnny-cash']
2512,Merle Haggard: Workin' Man Blues,RJ Smith,Spin,November 2000,['merle-haggard']
2513,George Strait,"Phil Hardy, Dave Laing",Faber Companion to 20th Century Popular Music,2001,['george-strait']
2514,Mickey Newbury,"Phil Hardy, Dave Laing",The |Faber Companion to 20th-Century Popular Music,2001,['mickey-newbury']
2515,Pure Prairie League,"Phil Hardy, Dave Laing",The Faber Companion to 20th-Century Popular Music,2001,['pure-prairie-league']
2516,Marvin Rainwater,"Phil Hardy, Dave Laing",The Faber Companion to 20th-Century Popular Music,2001,['marvin-rainwater']
2517,The Stanley Brothers,"Phil Hardy, Dave Laing",The Faber Companion to 20th-Century Popular Music,2001,['stanley-brothers-the']
2518,Ray Stevens,"Phil Hardy, Dave Laing",The Faber Companion to 20th-Century Popular Music,2001,['ray-stevens']
2519,Ray Price,"Phil Hardy, Dave Laing",The Faber Companion to 20th Century Popular Music,2001,['ray-price']
2600,Charley Pride,"Phil Hardy, Dave Laing",The Faber Companion to 20th-Century Popular Music,2001,['charley-pride']
2601,Webb Pierce,"Phil Hardy, Dave Laing",The Faber Companion to 20th-Century Popular Music,2001,['webb-pierce']
2602,Sandy Posey,"Phil Hardy, Dave Laing",The Faber Companion to 20th-Century Popular Music,2001,['sandy-posey']
2603,Ricky Skaggs,"Phil Hardy, Dave Laing",The Faber Companion to 20th-Century Popular Music,2001,['ricky-skaggs']
2604,John D. Loudermilk,"Phil Hardy, Dave Laing",The Faber Companion to 20th-Century Popular Later,2001,['john-d-loudermilk']
2605,Kathy Mattea,"Phil Hardy, Dave Laing",The Faber Companion to 20th-Century Popular Music,2001,['kathy-mattea']
2606,Crystal Gayle,"Phil Hardy, Dave Laing",The Faber Companion to 20th-Century Popular Music,2001,['crystal-gayle']
2607,Albert Lee,"Phil Hardy, Dave Laing",The Faber Companion to 20th-Century Popular Music,2001,['albert-lee']
2608,Jerry Jeff Walker,"Phil Hardy, Dave Laing",The Faber Companion to 20th-Century Popular Music,2001,['jerry-jeff-walker']
2609,The Amazing Rhythm Aces,"Phil Hardy, Dave Laing",The Faber Companion to 20th-Century Popular Music,2001,['amazing-rhythm-aces-the']
2610,Lynn Anderson,"Phil Hardy, Dave Laing",The Faber Companion to 20th-Century Popular Music,2001,['lynn-anderson']
2611,The Bellamy Brothers,"Phil Hardy, Dave Laing",The Faber Companion to 20th-Century Popular Music,2001,['bellamy-brothers-the']
2612,Bill Black,"Phil Hardy, Dave Laing",The Faber Companion to 20th-Century Popular Music,2001,['bill-black']
2613,The Eagles,"Phil Hardy, Dave Laing",The Faber Companion to 20th Century Popular Music,2001,['eagles-the']
2614,Roy Acuff,"Phil Hardy, Dave Laing",The Faber Companion to 20th Century Popular Music,2001,['roy-acuff']
2615,Mary Chapin Carpenter,"Phil Hardy, Dave Laing",The Faber Companion to 20th-Century Popular Music,2001,['mary-chapin-carpenter']
2616,Floyd Cramer,"Phil Hardy, Dave Laing",The Faber Companion to 20th-Century Popular Music,2001,['floyd-cramer']
2617,Mac Davis,"Phil Hardy, Dave Laing",The Faber Companion to 20th-Century Popular Music,2001,['mac-davis']
2618,Don Gibson,"Phil Hardy, Dave Laing",The Faber Companion to 20th-Century Popular Music,2001,['don-gibson']
2619,Tennessee Ernie Ford,"Phil Hardy, Dave Laing",The Faber Companion to 20th-Century Popular Music,2001,['tennessee-ernie-ford']
2700,John Hartford,"Phil Hardy, Dave Laing",The Faber Companion to 20th-Century Popular Music,2001,['john-hartford']
2701,Johnny Horton,"Phil Hardy, Dave Laing",The Faber Companion to 20th-Century Popular Music,2001,['johnny-horton']
2702,The Judds,"Phil Hardy, Dave Laing",The Faber Companion to 20th-Century Popular Music,2001,['judds-the']
2703,Deford Bailey,"Phil Hardy, Dave Laing",The Faber Companion to 20th-Century Popular Music,2001,['deford-bailey']
2704,Jerry Reed,"Phil Hardy, Dave Laing",The Faber Companion to 20th-Century Popular Music,2001,['jerry-reed']
2705,Ronnie Milsap,"Phil Hardy, Dave Laing",The Faber Companion to 20th-Century Popular Music,2001,['ronnie-milsap']
2706,Roger Miller,"Phil Hardy, Dave Laing",The Faber Companion to 20th-Century Popular Music,2001,['roger-miller']
2707,Buck Owens,"Phil Hardy, Dave Laing",The Faber Companion to 20th-Century Popular Music,2001,['buck-owens']
2708,Marty Robbins,"Phil Hardy, Dave Laing",The Faber Companion to 20th-Century Popular Music,2001,['marty-robbins']
2709,Jim Reeves,"Phil Hardy, Dave Laing",The Faber Companion to 20th-Century Popular Music,2001,['jim-reeves']
2710,Kenny Rogers,"Phil Hardy, Dave Laing",The Faber Companion to 20th-Century Popular Music,2001,['kenny-rogers']
2711,Don Williams,"Phil Hardy, Dave Laing",The Faber Companion to 20th-Century Popular Music,2001,['don-williams']
2712,Bob Wills,"Phil Hardy, Dave Laing",The Faber Companion to 20th-Century Popular Music,2001,['bob-wills--his-texas-playboys']
2713,Hank Williams Jr.,"Phil Hardy, Dave Laing",The Faber Companion to 20th-Century Popular Music,2001,['hank-williams-jr']
2714,Ernest Tubb,"Phil Hardy, Dave Laing",The Faber Companion to 20th-Century Popular Music,2001,['turner']
2715,Tanya Tucker,"Phil Hardy, Dave Laing",The Faber Companion to 20th-Century Popular Music,2001,['tanya-tucker']
2716,Randy Travis,"Phil Hardy, Dave Laing",The Faber Companion to 20th-Century Popular Music,2001,['randy-travis']
2717,Alabama,"Phil Hardy, Dave Laing",Faber Companion to 20th Century Popular Music,2001,['alabama']
2718,Merle Travis,"Phil Hardy, Dave Laing",The Faber Companion to 20th-Century Popular Music,2001,['merle-travis']
2719,Joe Ely,"Phil Hardy, Dave Laing",Faber Companion to 20th Century Popular Music,2001,['joe-ely']
2800,Tex Ritter,"Phil Hardy, Dave Laing",Faber Companion to 20th Century Popular Music,2001,['tex-ritter']
2801,Commander Cody,"Phil Hardy, Dave Laing",'Faber Companion to 20th Century Popular Music',2001,['commander-cody']
2802,Guy Mitchell,"Phil Hardy, Dave Laing",Faber Companion to 20th Century Popular Music,2001,['guy-mitchell']
2803,Owen Bradley,"Phil Hardy, Dave Laing",'Faber Companion to 20th Century Popular Music',2001,"['patsy-cline', 'brenda-lee', 'owen-bradley']"
2804,Hank Thompson,"Phil Hardy, Dave Laing",'Faber Companion to 20th Century Popular Music',2001,['hank-thompson']
2805,Pete Drake,"Phil Hardy, Dave Laing",'Faber Companion to 20th Century Popular Music',2001,['pete-drake']
2806,"Laura Cantrell: Vulnerable, minimalist Manhattan country",Colin Irwin,MOJO,March 2001,['laura-cantrell']
2807,An Exclusive Interview with Bob Johnston,Richard Younger,On the Tracks,March 2001,['bob-dylan']
2808,Country Music is Not Pretty: A User’s Guide to Robbie Fulks,Martin Colyer,Rock's Backpages,24 March 2001,['robbie-fulks']
2809,Alison Krauss + Union Station: New Favorite,Sid Griffin,MOJO,September 2001,['alison-krauss']
2811,Willie Nelson: The Great Divide,Pat Blashill,Rolling Stone,8 January 2002,['willie-nelson']
2812,"Waylon Jennings, 1937-2002",Dave Laing,The Guardian,15 February 2002,['waylon-jennings']
2813,Carla Bozulich: Cafe Club Fais Do-Do,Marc Weingarten,Los Angeles Times,3 April 2002,"['willie-nelson', 'carla-bozulich']"
2814,Willie Nelson’s Straight Story,Peter Murphy,Hot Press,23 July 2002,['willie-nelson']
2815,Let Me Touch You For A While: Alison Krauss Creates Intimacy Amongst the Disenfranchised,Holly Gleason,Rock's Backpages,16 September 2002,['alison-krauss']
2816,Steve Earle: The Dissent Of Man,Andy Gill,The Independent,20 September 2002,['steve-earle']
2817,"Nickel Creek: Memorial Hall, Sheffield",Dave Simpson,The Guardian,23 October 2002,['nickel-creek']
2818,"Dolly Parton: Bridgewater Hall, Manchester",Lisa Verrico,The Times,16 November 2002,['dolly-parton']
2819,Up! Is A Direction: Shania Twain’s New CD(s),Rick McGrath,Culture Court,December 2002,['shania-twain']
2900,Dwight Yoakam: Reprise Please Baby: The Warner Bros. Years,John Morthland,No Depression,31 December 2002,['dwight-yoakam']
2901,A Circle Still Unbroken: Doc Watson and the Nitty Gritty Dirt Band,Peter Stone Brown,Gadfly,Spring 2002,"['nitty-gritty-dirt-band-the', 'doc-watson', 'roy-acuff', 'merle-travis']"
2902,Willie Nelson: Stars & Guitars,Max Bell,Uncut,January 2003,['willie-nelson']
2903,Alison Krauss + Union Station: Live,Rob Hughes,Uncut,February 2003,['alison-krauss']
2904,"Johnny Paycheck, 1938-2003",Tony Russell,The Guardian,3 March 2003,['johnny-paycheck']
2905,Rosanne Cash: Rosanne's Rules,j. poet,Paste,15 June 2003,['rosanne-cash']
2906,Honky-Tonk Grande Dame: Loretta Lynn And Jack White On Country’s Favorite Daughter,Fred Mills,Detroit Metro Times,25 June 2003,"['loretta-lynn', 'white-stripes-the']"
2907,"June Carter Cash, 1929-2003",Sylvie Simmons,MOJO,July 2003,['june-carter-cash']
2908,Gillian Welch: The Girl With No Name,Toby Manning,The Word,August 2003,['gillian-welch']
2909,Gillian Welch: A Kind Of Bluegrass,Rob Hughes,Uncut,September 2003,['gillian-welch']
2910,"Farm Aid: Germain Amphitheater, Columbus, Ohio",Kandia Crazy Horse,PopMatters,23 September 2003,"['emmylou-harris', 'willie-nelson', 'neil-young']"
2911,The Dixie Chicks: Weapons Of Mass Destruction,Andria Lisle,MOJO,October 2003,['dixie-chicks-the']
2912,Wanda Jackson: She's About a Mover,Holly George-Warren,No Depression,31 October 2003,['wanda-jackson']
2913,"Gillian Welch and Dave Rawlings: Shepherd's Bush Empire, London",Gavin Martin,Uncut,November 2003,['gillian-welch']
2914,Angel of the South: Emmylou Harris,Sean O'Hagan,The Observer,2 November 2003,['emmylou-harris']
2915,"Johnny Cash, 1932-2003",Jon Wilde,Uncut,December 2003,['johnny-cash']
2916,"Emmylou Harris: ""How do you get to Carnegie Hall?""",David Hepworth,The Word,December 2003,['emmylou-harris']
2917,Willie Nelson At 70,Gene Santoro,'Highway 61 Revisited...',2004,['willie-nelson']
2918,Johnny Cash at San Quentin was my idea,Geoffrey Cannon,unpublished,2004,['johnny-cash']
2919,Mother's Pride: Various: Just Because I'm A Woman: Songs Of Dolly Parton ****,Phil Sutcliffe,MOJO,January 2004,['dolly-parton']
3000,The Last Great American — Johnny Cash: Unearthed (American),Mark Cooper,The Word,January 2004,['johnny-cash']
3001,Legends of Songwriting: Harlan Howard,Bill DeMain,Performing Songwriter,January 2004,['harlan-howard']
3002,Johnny Cash: Unearthed (American Recordings/Lost Highway),Jon Wilde,Uncut,January 2004,['johnny-cash']
3003,June Carter Cash: Wildwood Flower,Rob Hughes,Uncut,January 2004,['june-carter-cash']
3004,Hello Goodbye: Gene Parsons and the Byrds,Don Waller,MOJO,March 2004,['byrds-the']
3005,"Bernie Leadon: Still Flying, Without Eagles",Wayne Robins,The Bergen Record,April 2004,['bernie-leadon']
3006,Rodney Crowell: Fate's Right Hand (Sony/DMZ),Andria Lisle,MOJO,April 2004,['rodney-crowell']
3007,Steve Earle Gives New Meaning To The Expression 'Lifetime Achievement',Toby Manning,The Word,May 2004,['steve-earle']
3008,Mary Chapin Carpenter: The Essential Mary Chapin Carpenter,Andy Gill,Uncut,May 2004,['mary-chapin-carpenter']
3009,Johnny Cash: Life,Andy Gill,Uncut,May 2004,['johnny-cash']
3010,Loretta Lynn: Van Lear Rose,Rob Hughes,Uncut,June 2004,"['loretta-lynn', 'jack-white']"
3011,Parsons Lives in Film: Grand Theft opens in theaters tomorrow,Jason Cohen,Rolling Stone,17 June 2004,['gram-parsons']
3012,Various Artists: Stay All Night – Buddy Holly's Country Roots,Joe Nick Patoski,West Texas Roots,July 2004,['buddy-holly']
3013,"Burrito Deluxe: Borderline, London",Adam Sweeting,The Guardian,16 July 2004,['burrito-deluxe']
3014,"Gretchen Wilson: ""I'm a redneck and proud of it""",Adam Sweeting,Daily Telegraph,21 August 2004,['gretchen-wilson']
3015,Uncle Dave Macon: Keep My Skillet Good And Greasy (Bear Family),Tony Russell,Maverick,September 2004,['uncle-dave-macon']
3016,"Van Zandt's New ""Love""",Jason Cohen,Rolling Stone,23 September 2004,['townes-van-zandt']
3017,"Skeeter Davis, 1931-2004",Alan Clayson,The Guardian,1 October 2004,['skeeter-davis']
3018,Gillian Welch finds new audience with old-time Americana music,Graham Reid,The New Zealand Herald,31 October 2004,['gillian-welch']
3019,Johnny Cash: The Gunslinger,Sylvie Simmons,MOJO,November 2004,['johnny-cash']
3100,Johnny Cash's Concept Albums,Phil Sutcliffe,MOJO,November 2004,['johnny-cash']
3101,"Come On, Let's Go!: Elvis on the Hayride",Colin Escott,MOJO,December 2004,"['bill-monroe', 'elvis-presley', 'jim-reeves', 'slim-whitman']"
3102,Kasey Chambers: Wayward Angel,Andria Lisle,Tracks,December 2004,['kasey-chambers']
3104,Alison Krauss and Union Station: Lonely Runs Both Ways,Sylvie Simmons,MOJO,January 2005,['alison-krauss']
3105,"Martha Carson, 1921-2005",Alan Clayson,The Guardian,14 February 2005,['martha']
3106,David Allan Coe,Colin Escott,Hackmart/Shout Factory! Records,May 2005,['david-allan-coe']
3107,Charlie Poole: You Ain't Talkin' To Me: Charlie Poole And The Roots Of Country Music,Tony Russell,Maverick,May 2005,['charlie-poole']
3108,Elvis Costello with Emmylou Harris and the Imposters: Central Park SummerStage,Richard Gehr,The Village Voice,19 July 2005,"['elvis-costello', 'emmylou-harris']"
3109,Hayseed Dixie: Southern-Fried Metal,Dave Simpson,The Guardian,27 July 2005,['hayseed-dixie']
3110,Buck 65: Secret House Against the World,Dorian Lynskey,The Guardian,29 July 2005,['buck-65']
3111,"Keith Urban: Hammersmith Apollo, London",Tim Cooper,The Independent,19 October 2005,['keith-urban']
3112,Neil Young: Rebel without a pause,Robert Sandall,The Sunday Times,30 October 2005,['neil-young']
3113,The Beau Brummels: Bradley's Barn,Jon Savage,MOJO,November 2005,['beau-brummels-the']
3114,"Neil Young: Ryman Auditorium, Nashville",Sylvie Simmons,MOJO,November 2005,['neil-young']
3115,Taylor Swift: Taylor Swift (Big Machine) **** ½,Jeff Tamarkin,AllMusic.com,2006,['taylor-swift']
3116,Rosanne Cash:  Black Cadillac (Capitol),Mark Mordue,Neumu,January 2006,['rosanne-cash']
3117,Rosanne Cash: Family Ties,Simon Garfield,The Observer,5 February 2006,['rosanne-cash']
3118,"James Talley: Got No Bread, No Milk, No Money, But We Sure Got A Lot Of Love",John Morthland,No Depression,28 February 2006,['james-talley']
3119,Merle Haggard: Swing Me Back Home,Eric Weisbard,The Village Voice,2 March 2006,['merle-haggard']
3201,Hank Williams III: It's country but not as we know it,Angus Batey,Daily Telegraph,16 March 2006,['hank-williams-iii']
3202,"Cortney Tidwell: ICA, SW1",Stephen Dalton,The Times,16 May 2006,['cortney-tidwell']
3203,Dixie Chicks: How The Chicks Survived Their Scrap With Bush,Adam Sweeting,Daily Telegraph,15 June 2006,['dixie-chicks-the']
3204,George Jones: Keeping Up With Jones,Joe Nick Patoski,AARP The Magazine,July 2006,['george-jones']
3205,Carrie Underwood: An Interview,Alan Light,MSN.com,July 2006,['carrie-underwood']
3206,Bob Wills & His Texas Playboys: Legends Of Country Music (Bear Family),John Morthland,No Depression,31 August 2006,['bob-wills--his-texas-playboys']
3207,The Fall and Rise of Blaze Foley,Joe Nick Patoski,No Depression,September 2006,['blaze-foley']
3208,Jerry Lee Lewis: PBS-TV Special,John Broven,Now Dig This,November 2006,['jerry-lee-lewis']
3209,"John Phillips: John Phillips (John, The Wolfking of L.A.)",Mick Houghton,Uncut,November 2006,['john-phillips']
3210,The Byrds: There Is A Season,Jon Savage,MOJO,November 2006,['byrds-the']
3211,"Dixie Chicks: United Centre, Chicago",Bob Mehr,MOJO,November 2006,['dixie-chicks-the']
3212,"Buddy Killen, 1932-2006: Nashville record man and music publisher",John Broven,Now Dig This,December 2006,['joe-tex']
3213,The Dixie Chicks: The Playboy Interview,Alan Light,Playboy,December 2006,['dixie-chicks-the']
3214,Mystery Girl: The Forgotten Artistry of Bobbie Gentry,Holly George-Warren,'Listen Again' (Duke University Press),2007,['bobbie-gentry']
3215,Bobby Bare: A Bird Named Yesterday/Talk Me Some Sense/Down & Dirty... Plus,Fred Dellar,MOJO,February 2007,['bobby-bare']
3216,"Sneaky Pete Kleinow, 1934-2007",Andy Gill,The Word,March 2007,['flying-burrito-brothers']
3217,"Solomon Burke: No. 1, at last",Gene Santoro,New York Daily News,2 March 2007,['solomon-burke']
3218,Dennis Linde,Mick Houghton,MOJO,April 2007,['dennis-linde']
3219,Mickey Gilley: Too Good To Stop: Greatest Hits 1974-1985,John Morthland,No Depression,30 April 2007,['mickey-gilley']
3300,"Lyle Lovett/Joe Ely/Guy Clark/John Hiatt: State Theatre, Cleveland",Holly Gleason,No Depression,30 April 2007,"['guy-clark', 'joe-ely', 'john-hiatt', 'lyle-lovett']"
3301,Emmylou Harris on Songbird,Alan Light,MSN.com,August 2007,['emmylou-harris']
3302,Lori McKenna: Dreams of an Everyday Housewife,Holly Gleason,No Depression,31 August 2007,['lori-mckenna']
3303,The Flying Burrito Brothers: Gram Parsons Archives Vol 1 – Flying Burrito Brothers Live At The Avalon 1969,Bud Scoppa,Uncut,September 2007,['flying-burrito-brothers']
3304,Emmylou Harris: Songbird – Rare Tracks and Forgotten Gems (Rhino),Kandia Crazy Horse,San Francisco Bay Guardian,3 October 2007,['emmylou-harris']
3305,Country's Soul: The Music Of The Late Arthur Alexander Still Provides A Living Link Between Hillbilly Twang And R&B,Geoffrey Himes,Baltimore City Paper,31 October 2007,['arthur-alexander']
3306,Robert Plant and Alison Krauss: Raising Sand,Kate Mossman,The Word,November 2007,['robert-plant-and-alison-krauss']
3307,"The Eagles: Indigo2, London",Adam Sweeting,Daily Telegraph,1 November 2007,['eagles-the']
3308,Eagles: Long Road Out Of Eden (Universal),Max Bell,Classic Rock,December 2007,['eagles-the']
3309,The Eagles: Long Road Out Of Eden,Bud Scoppa,Uncut,December 2007,['eagles-the']
3311,"Brandi Carlile: Borderline, London",Tim Cooper,The Independent,18 December 2007,['brandi-carlile']
3312,The Second Coming of k.d. lang,Robert Sandall,The Sunday Times,13 January 2008,['kd-lang']
3313,Carrie Underwood/Miranda Lambert: Blonde Ambition,Geoffrey Himes,Nashville Scene,24 January 2008,"['miranda-lambert', 'carrie-underwood']"
3314,"Daydream Believer: John Stewart, 1939-2008",Michael Simmons,Huffington Post,21 February 2008,['john-stewart']
3315,"John Anderson: Just Came Home To Count The Memories/All The People Are Talkin'/Eye Of A Hurricane/Tokyo, Oklahoma/Countrified",John Morthland,No Depression,29 February 2008,['john-anderson']
3316,Dolly Parton: Backwoods Barbie **½,Mark Kemp,Rolling Stone Online,6 March 2008,['dolly-parton']
3317,Willie Nelson: One Hell Of A Ride,John Morthland,No Depression,30 April 2008,['willie-nelson']
3318,"Warmth, Wonder and Wisdom: Dolly Parton, O2 Arena, London",Jude Rogers,New Statesman,17 July 2008,['dolly-parton']
3319,George Jones: The Grand Tour,Andrew Mueller,Uncut,October 2008,['george-jones']
3400,Go your own way: Hank Williams and his progeny,Angus Batey,The Guardian,24 October 2008,"['hank-williams', 'hank-williams-jr', 'hank-williams-iii']"
3401,Lucinda Williams: Little Honey (Lost Highway),Graeme Thomson,The Word,November 2008,['lucinda-williams']
3402,J.D. Souther comes back,Bill Holdship,Detroit Metro Times,5 November 2008,['j-d-souther']
3403,Meet… John Wheeler,John Lewis,Hotline,January 2009,['hayseed-dixie']
3404,Lucinda Williams: Album By Album,Andrew Mueller,Uncut,January 2009,['lucinda-williams']
3405,Clover: The Sound City Sessions – 1975,Terry Staunton,Record Collector,February 2009,['clover']
3406,Chris Darrow's Kaleidoscopic Vision,Michael Simmons,L.A. Weekly,25 February 2009,"['kaleidoscope', 'chris-darrow']"
3407,The Louvin Brothers,Andrew Mueller,Uncut,March 2009,['louvin-brothers-the']
3408,Ernest R Stoneman: The Unsung Father Of Country Music 1925-1934,Tony Burke,Blues & Rhythm,March 2009,['ernest-stoneman']
3409,"Taylor Swift, Sugarland et al: Far From The Old Country Music",Nick Hasted,The Independent,13 March 2009,"['taylor-swift', 'sugarland']"
3410,Merle Haggard Stands Tall,Joel Selvin,San Francisco Chronicle,29 March 2009,['merle-haggard']
3411,Steve Earle: Townes (New West),Roy Trakin,SonicBoomers.com,29 May 2009,"['steve-earle', 'townes-van-zandt']"
3412,"The Eagles: NIA, Birmingham",Stephen Dalton,The Times,July 2009,['eagles-the']
3413,Out of the blue: Neil Young's archives,Kandia Crazy Horse,San Francisco Bay Guardian,7 July 2009,['neil-young']
3414,Alison Krauss: An Interview,Paul Sexton,Daily Telegraph,22 July 2009,['alison-krauss']
3415,The Jayhawks: Music From The North Country – The Jayhawks Anthology,Rob Hughes,Uncut,September 2009,['jayhawks-the']
3416,Monsters of Folk: Monsters Of Folk,Bud Scoppa,Uncut,October 2009,['monsters-of-folk']
3417,"Taylor Swift: Wembley Arena, London",Kate Mossman,The Word,10 February 2010,['taylor-swift']
3418,In the Whispering Pines,Kandia Crazy Horse,San Francisco Bay Guardian,25 February 2010,"['valerie-june', 'whispering-pines']"
3419,Various Artists: Gastonia Gallop – Cotton Mill Songs & Hillbilly Blues,Tony Burke,Blues & Rhythm,March 2010,[]
3500,Stephen Stills,Rob Hughes,Record Collector,March 2010,['stephen-stills']
3501,New band of the week: Lady Antebellum,Paul Lester,The Guardian,17 March 2010,['lady-antebellum']
3502,Wanda Jackson: You Know I'm So Good!,Rob Hughes,Uncut,April 2010,['wanda-jackson']
3503,Merle Haggard: I Am What I Am,Rob Hughes,Uncut,May 2010,['merle-haggard']
3504,Kris Kristofferson: A Nashville Rebel Reminisces,Graeme Thomson,The Guardian,6 May 2010,['kris-kristofferson']
3505,Brad Paisley: A Different Kind of Cowboy,Angus Batey,The Guardian,10 June 2010,['brad-paisley']
3506,Willie Nelson For President?,Andrew Mueller,Uncut,July 2010,['willie-nelson']
3507,I Was a Texas Jewboy,Michael Simmons,L.A. Weekly,29 July 2010,['kinky-friedman']
3508,Lady Antebellum: Shepherd's Bush Empire,Caroline Sullivan,The Guardian,13 August 2010,['lady-antebellum']
3509,"Brad Paisley: New England Country Music Festival, Gillette Stadium, Mass.",Jim Sullivan,Boston Herald,22 August 2010,['brad-paisley']
3510,Kris Kristofferson looks back on his early years,Rob Hughes,Record Collector,September 2010,['kris-kristofferson']
3511,Various Artists: 40 Years Of Rounder Records,Kate Mossman,The Word,January 2011,"['james-booker', 'alison-krauss', 'robert-plant-and-alison-krauss']"
3512,Charlie Louvin: The Battles Rage On,Rob Hughes,Uncut,January 2011,['charlie-louvin']
3513,"Charlie Louvin, 1927-2011",Tony Russell,The Guardian,28 January 2011,['charlie-louvin']
3514,"Byrds, Burritos, and Bluegrass: Chris Hillman Interviewed",Bob Ruggiero,Houston Press,3 February 2011,['chris-hillman']
3515,Nashville Cats: David Briggs Reflects at the Country Music Hall of Fame,Holly Gleason,No Depression,26 March 2011,[]
3516,"Taylor Swift: O2, London ****",Dorian Lynskey,The Guardian,31 March 2011,['taylor-swift']
3517,"Charlie Louvin, 1927-2011",Andrew Mueller,Uncut,April 2011,"['louvin-brothers-the', 'charlie-louvin']"
3518,Key coordinates for the First Lady Of Bluegrass ALISON KRAUSS are Paul Rodgers + ELO x Ralph Stanley,Kate Mossman,The Word,May 2011,['alison-krauss']
3519,Mickey Newbury: American Trilogy (Saint Cecilia Knows/Mountain Retreat),Rob Young,The Word,May 2011,['mickey-newbury']
3600,Emmylou Harris: Hard Bargain,Steven R Rosen,American Songwriter,May 2011,['emmylou-harris']
3601,"Laura Cantrell: St. Bonaventure's, Bristol",Stephen Dalton,The Times,4 May 2011,['laura-cantrell']
3602,Matraca Berg: Dreaming Fields,Holly Gleason,No Depression,13 May 2011,['matraca-berg']
3603,Frank Fairfield: Out On The Open West,Rob Hughes,Uncut,August 2011,['frank-fairfield']
3604,The Liberty Belle: Dolly Parton Speaks,Jude Rogers,The Quietus,30 August 2011,['dolly-parton']
3605,Gillian Welch: Brighton Dome,Chris Charlesworth,Rock's Backpages,14 November 2011,['gillian-welch']
3606,"Taylor Swift: Madison Square Garden, November 22nd, 2011",Iman Lababedi,RockNYC,24 November 2011,['taylor-swift']
3607,"Billie Jo Spears, 1937-2011",Tony Russell,The Guardian,15 December 2011,['billie-jo-spears']
3608,Air Miles: A Transatlantic Conversation with Gillian Welch and Dave Rawlings,David Burke,R2/Rock'n'Reel,Fall 2011,['gillian-welch']
3609,Beaucoups of Beatle: Ringo Starr in Nashville,Daryl Sanders,The Nashville Musician,January 2012,['ringo-starr']
3610,Charlie McCoy: Fad Gadget,James Medd,The Word,January 2012,['charlie-mccoy']
3611,Nanci Griffith: Blue Moons and True Believers,David Burke,R2/Rock'n'Reel,January 2012,['nanci-griffith']
3612,Miranda Lambert: The House That Miranda Built,Geoffrey Himes,Nashville Scene,26 January 2012,['miranda-lambert']
3613,First Aid Kit: The Lion's Roar,Rob Young,The Word,February 2012,['first-aid-kit']
3614,Various Artists: Country & Western Hit Parade 1961-1965,Andy Gill,The Word,February 2012,[]
3615,"Earl Scruggs Passes On: Three Fingers, Hippie Kids + A Grace That's Felt 'Round The World",Holly Gleason,No Depression,28 March 2012,['earl-scruggs']
3616,"Earl Scruggs, 1924-2012",Tony Russell,The Guardian,29 March 2012,['earl-scruggs']
3617,Nanci Griffith: Intersection,Holly Gleason,Paste,10 April 2012,['nanci-griffith']
3618,"Ray Wylie Hubbard plays Joe's Pub tonight, talks new album (with a Beatle)",Jeff Slate,Examiner.com,17 May 2012,['ray-wylie-hubbard']
3619,"Alan Jackson: 30 Miles West, and Movin'",Holly Gleason,No Depression,30 May 2012,['alan-jackson']
3700,"Willie Nelson's Heroes a great Father's Day pick says his son, Lukas",Jeff Slate,Examiner.com,15 June 2012,['willie-nelson']
3701,New band of the week: Robert Ellis,Paul Lester,The Guardian,4 July 2012,['robert-ellis']
3702,Dawes: An Interview,Graeme Thomson,Uncut,August 2012,['dawes']
3703,Honky-tonk women: the female artists who made it big in country music,Sean O'Hagan,The Guardian,6 September 2012,"['jean-shepard', 'bonnie-guitar', 'kitty-wells']"
3704,Chely Wright's Rediscovered Country,Charles Bermant,No Depression,24 September 2012,['chely-wright']
3705,"Honoring Connie Smith: 45 RPM at Douglas Corner, Nashville",Holly Gleason,No Depression,7 November 2012,['connie-smith']
3706,Kris Kristofferson: Troubadour writing on into the sunset,Rob Hughes,Daily Telegraph,4 December 2012,['kris-kristofferson']
3707,"Rodney Crowell, Ben Bullington and More: Station Inn, Nashville",Holly Gleason,No Depression,7 December 2012,"['rodney-crowell', 'ben-bullington']"
3708,Lady Antebellum: On This Winter's Night,Caroline Sullivan,The Guardian,13 December 2012,['lady-antebellum']
3709,"Dawn McCarthy & Bonnie ""Prince"" Billy: What The Brothers Sang",Jamie Atkins,Record Collector,February 2013,"['everly-brothers-the', 'dawn-mccarthy--bonnie-prince-billy']"
3710,Emmylou Harris & Rodney Crowell: Friendship Aged Like Bluebird Wine,Geoffrey Himes,Paste,19 February 2013,"['rodney-crowell', 'emmylou-harris']"
3711,The Mavericks: In Time,Holly Gleason,Paste,27 February 2013,['mavericks-the']
3712,"Old Friends, New Record: Emmylou Harris and Rodney Crowell",David Burke,R2/Rock'n'Reel,March 2013,"['rodney-crowell', 'emmylou-harris']"
3713,Ashley Monroe: Like A Rose,Holly Gleason,Paste,12 March 2013,['ashley-monroe']
3714,"Kacey Musgraves: Same Trailer, Different Park",Holly Gleason,Paste,26 March 2013,['kacey-musgraves']
3715,George Jones: Farewell to the King of Heartbreak,Peter Stone Brown,CounterPunch,26 April 2013,['george-jones']
3716,Where Eagles Dared: California's Signature Rock Band Comes to London,Barney Hoskyns,Rock's Backpages,29 April 2013,['eagles-the']
3717,Crossing County Lines: Jerry Douglas + Alison Krauss Call Their Friends for Americana Night,Holly Gleason,No Depression,3 June 2013,['alison-krauss']
3718,Guy Clark: My Favorite Picture Of You,Holly Gleason,Paste,23 July 2013,['guy-clark']
3719,The Civil Wars: The Civil Wars,Will Hermes,Rolling Stone,1 August 2013,['civil-wars-the']
3800,"Jack Clement, 1931-2013",Tony Russell,The Guardian,11 August 2013,['jack-clement']
3801,Robbie Fulks: Gone Away Backward,Holly Gleason,Paste,27 August 2013,['robbie-fulks']
3802,Kris Kristofferson,David Burke,R2/Rock'n'Reel,September 2013,['kris-kristofferson']
3803,Nitty Gritty Dirt Band: The Making Of Will The Circle Be Unbroken,Johnny Black,Country,October 2013,['nitty-gritty-dirt-band-the']
3804,Ray Price 1926-2013,Tony Russell,The Guardian,18 December 2013,['ray-price']
3805,Kandia Crazy Horse:  Stampede,Barney Hoskyns,MOJO,Fall 2013,['kandia-crazy-horse']
3806,Johnny Horton,David Burke,Vintage Rock,2014,['johnny-horton']
3807,Eye Witness: Spade Cooley Murders His Wife,Johnny Black,Country,January 2014,['spade-cooley']
3808,Remembering Phil Everly,Peter Stone Brown,CounterPunch,3 January 2014,"['phil-everly', 'everly-brothers-the']"
3809,Phil Everly never got to soar as a solo act,Joel Selvin,San Francisco Chronicle,4 January 2014,['phil-everly']
3810,Rosanne Cash: The River & The Thread,Holly Gleason,Paste,21 January 2014,['rosanne-cash']
3811,Matraca Berg: The Daughter of Music Row,Holly Gleason,Oxford American,22 January 2014,['matraca-berg']
3812,Kacey Musgraves: A Whole New Trailer Park,Geoffrey Himes,Nashville Scene,23 January 2014,['kacey-musgraves']
3813,Sheryl Crow,David Burke,R2/Rock'n'Reel,March 2014,['sheryl-crow']
3814,Béla Fleck and Abigail Washburn,Bill DeYoung,Connect Savannah,April 2014,"['bla-fleck', 'abigail-washburn']"
3815,Nickel Creek: A Dotted Line,Holly Gleason,Paste,1 April 2014,['nickel-creek']
3816,"Country music's gay stars: ""We're still kicking down the closet door""",Graeme Thomson,The Guardian,10 April 2014,"['chely-wright', 'lavender-country']"
3817,Don Felder Surprised at Ex-Eagles Mates' Ill Will Toward Him,Bob Ruggiero,Houston Press,16 May 2014,"['eagles-the', 'don-felder']"
3818,Sturgill Simpson: Metamodern Sounds in Country Music (Loose),Rob Hughes,Uncut,June 2014,['sturgill-simpson']
3819,Holly Williams,David Burke,R2/Rock'n'Reel,July 2014,['holly-williams']
3900,Kenny Chesney,Alan Light,Radio.com,September 2014,['kenny-chesney']
3901,Sid Griffin: The Trick is To Breathe,Terry Staunton,Uncut,December 2014,['sid-griffin']
3902,Paul English: Watching Willie's Back,Joe Nick Patoski,Oxford American,13 Winter 2014,['willie-nelson']
3904,"Little Jimmy Dickens, 1920-2015",Tony Russell,The Guardian,8 January 2015,['little-jimmy-dickens']
3905,"Emmylou Harris, back where it all started",Geoffrey Himes,The Washington Post,8 January 2015,['emmylou-harris']
3906,The Read: Mr Gram Parsons,Barney Hoskyns,Mr. Porter,April 2015,['gram-parsons']
3907,Townes Van Zandt: The Nashville Sessions,Andrew Mueller,Uncut,April 2015,['townes-van-zandt']
3908,"Merle Haggard: Keswick Theatre, Philadelphia",Peter Stone Brown,peterstonebrown.com,5 June 2015,['merle-haggard']
3909,Ashley Monroe: The Blade,Alfred Soto,Spin,20 July 2015,['ashley-monroe']
3910,Joe Nick Patoski on Doug Sahm,Stephen K. Peeples,stephenkpeeples.com,25 July 2015,['doug-sahm']
3911,"Bob Johnston, 1932-2015",Richard Williams,The Guardian,18 August 2015,"['johnny-cash', 'leonard-cohen', 'bob-dylan', 'simon--garfunkel']"
3912,Willie and the Weed Factory,Chris Heath,GQ,31 August 2015,['willie-nelson']
3913,"The Ladies Used to Love Outlaws, Now The Ladies Are Outlaws",Geoffrey Himes,Paste,1 September 2015,"['kacey-musgraves', 'ashley-monroe']"
3914,Don Henley,Paul Lester,The Guardian,1 October 2015,"['eagles-the', 'don-henley']"
3915,Eagles: The Heroes Or Villains Of '70s Rock?,Bill Holdship,Classic Rock,6 October 2015,['eagles-the']
3916,America Unfiltered: The World of Old-Time Music,Geoffrey Himes,American Songwriter,8 October 2015,"['be-good-tanyas-the', 'carter-family-the', 'charley-patton', 'carolina-chocolate-drops', 'avett-brothers-the', 'uncle-earl', 'mammals-the', 'hackensaw-boys-the', 'old-crow-medicine-show', 'ollabelle']"
3917,Kacey Musgraves: The New Rebel Queen of Nashville,Rob Hughes,Daily Telegraph,1 December 2015,['kacey-musgraves']
3918,"Is Kinky Friedman ""The Loneliest Man I Ever Met""?",Stephen K. Peeples,stephenkpeeples.com,5 December 2015,['kinky-friedman']
3919,Best Friend of Mine: Waylon Jennings on Buddy Holly,David Burke,Vintage Rock,2016,['waylon-jennings']
4000,"Guy Clark: Randall Knives, Desperados & Homegrown Tomatoes",Holly Gleason,The Bitter Southerner,2016,['guy-clark']
4001,Were The Beau Brummels America's Unluckiest Band?,Mitchell Cohen,Music Aficionado,2016,['beau-brummels-the']
4003,Loretta Lynn,David Burke,R2/Rock'n'Reel,March 2016,['loretta-lynn']
4004,"Remembering Guy Clark, The Craftsman",Geoffrey Himes,Paste,18 May 2016,['guy-clark']
4005,Brandy Clark: Big Day in a Small Town,Alfred Soto,Spin,6 June 2016,['brandy-clark']
4006,Bonnie Bishop: Ain't Who I Was,Holly Gleason,Paste,6 June 2016,['bonnie-bishop']
4007,"Ralph Stanley, 1927-2016",Tony Russell,The Guardian,26 June 2016,['ralph-stanley']
4008,Brandy Clark: Big Day in a Small Town,Will Hermes,Rolling Stone,1 July 2016,['brandy-clark']
4009,How Dierks Bentley Became Country Music's Most Relatable Star,Maura Johnston,Esquire,25 August 2016,['dierks-bentley']
4010,"Margo Price: Scala, London",Ian Gittins,The Guardian,2 September 2016,['margo-price']
4011,Jim Lauderdale: Jim Changes Everything,David Burke,Country Music,February 2017,['jim-lauderdale']
4012,"Brad Paisley/Zac Brown Band: O2 Arena, London",Andrew Mueller,The Guardian,13 March 2017,"['brad-paisley', 'zac-brown-band']"
4013,"Kate Mossman on extreme pop tourism: who would fly 5,000 miles for a gig?",Kate Mossman,New Statesman,22 March 2017,['glen-campbell']
4014,"There's Your Trouble: Considering the Dixie Chicks controversy, with hindsight 20/20",Holly Gleason,No Depression,23 May 2017,['dixie-chicks-the']
4015,Dolly Parton,David Burke,Country Music Legends,Summer 2017,['dolly-parton']
4016,Kylie Minogue: Golden,Nick Hasted,The Independent,5 April 2018,['kylie-minogue']
4017,The Byrds' Sweetheart Of The Rodeo at 50,Harvey Kubernik,Rock's Backpages,June 2018,"['byrds-the', 'chris-hillman', 'roger-mcguinn', 'gram-parsons']"
4018,"""Country Music … Was Anything BUT Pure"": An Interview with Bill Malone and Tracey Laird",Will Hermes,Longreads,4 June 2018,[]
4019,"D.J. Fontana, 1931-2018",Tony Burke,Record Collector,August 2018,['elvis-presley']
4100,"In concert, Daniels doesn't mix politics with music",Jim Sullivan,Cape Cod Times,16 August 2018,"['charlie-daniels', 'bob-dylan']"
4101,Beasts of Bourbon's Spencer P Jones: hellraiser among Australian rock greats,Andrew Stafford,The Guardian,23 August 2018,['beasts-of-bourbon-the']
4102,How Auto-Tune Revolutionized the Sound of Popular Music,Simon Reynolds,Pitchfork,17 September 2018,"['cher', 'bon-iver', 'jay-z', 'kesha', 'britney-spears', 'kanye-west', 'migos', 't-pain', 'travis-scott']"
4103,"Shania Twain: SSE Hydro, Glasgow",Graeme Thomson,Mail On Sunday,29 September 2018,['shania-twain']
4104,Kacey Musgraves: Bristol Hippodrome,Jude Rogers,The Guardian,24 October 2018,['kacey-musgraves']
4105,"(No) AMF, Boyd Elder: Texas ""Artlaw"" Dead at 74",Stephen K. Peeples,stephenkpeeples.com,30 October 2018,"['eagles-the', 'bobby-fuller-four-the-']"
4106,Why country music is cool: the rise of Ward Thomas and the Wandering Hearts,Lisa Verrico,The Sunday Times,4 November 2018,"['ward-thomas', 'wandering-hearts-the']"
4107,"Take The Music Seriously: An Interview with Peter Guralnick, 20th August, 2009",Maud Berthomier,'Encore Plus De Bruit' (Éditions Tristram),2019,"['buddy-guy', 'elvis-presley', 'charlie-rich']"
4108,Various Artists: Texas Hillbillies – 1922-1937 Restored and Remastered,Tony Burke,Blues & Rhythm,April 2019,[]
4109,"Fred Foster, 1931-2019",Tony Burke,Record Collector,May 2019,"['roy-orbison', 'joe-simon', 'roscoe-shelton']"
4110,Guy Clark's Triumphant Last Act,Mitchell Cohen,Music Aficionado,July 2019,['guy-clark']
4111,Gene Clark: No Other,Kieron Tyler,The Arts Desk,3 November 2019,['gene-clark']
4112,Various Artists: The Rough Guide To Country Blues/The Rough Guide To The Roots Of Country Music,Tony Burke,Vintage Jazz Mart,Fall 2019,[]
4113,Johnny Cash: Jail House Rock,Alan Light,MOJO,February 2020,['johnny-cash']
4114,"Billy Joe Shaver, 1939-2020",Geoffrey Himes,Paste,29 October 2020,['billy-joe-shaver']
4115,Classic Rockers Firefall Drop First New Record in Two Decades,Bob Ruggiero,Houston Press,30 November 2020,"['firefall', 'gram-parsons']"
4116,Peter Guralnick Gets Lost in Profiles of Musical Giants,Bob Ruggiero,Houston Press,3 December 2020,"['chuck-berry', 'fats-domino', 'jerry-lee-lewis', 'little-richard', 'lonnie-mack']"
